-- phpMyAdmin SQL Dump
-- version 5.0.1
-- https://www.phpmyadmin.net/
--
-- Host: 127.0.0.1
-- Creato il: Dic 07, 2020 alle 11:18
-- Versione del server: 10.4.11-MariaDB
-- Versione PHP: 7.4.12

SET SQL_MODE = "NO_AUTO_VALUE_ON_ZERO";
SET AUTOCOMMIT = 0;
START TRANSACTION;
SET time_zone = "+00:00";


/*!40101 SET @OLD_CHARACTER_SET_CLIENT=@@CHARACTER_SET_CLIENT */;
/*!40101 SET @OLD_CHARACTER_SET_RESULTS=@@CHARACTER_SET_RESULTS */;
/*!40101 SET @OLD_COLLATION_CONNECTION=@@COLLATION_CONNECTION */;
/*!40101 SET NAMES utf8mb4 */;

--
-- Database: `dtt_house_manager`
--

-- --------------------------------------------------------

--
-- Struttura della tabella `houses`
--

CREATE TABLE `houses` (
  `id` int(64) NOT NULL,
  `street` varchar(128) NOT NULL,
  `number` int(32) NOT NULL,
  `addition` varchar(64) DEFAULT NULL,
  `zipcode` varchar(32) NOT NULL,
  `city` varchar(64) NOT NULL,
  `user` varchar(128) NOT NULL
) ENGINE=InnoDB DEFAULT CHARSET=utf8mb4;

--
-- Dump dei dati per la tabella `houses`
--

INSERT INTO `houses` (`id`, `street`, `number`, `addition`, `zipcode`, `city`, `user`) VALUES
(1, 'Via case', 65, NULL, '32322', 'Roma', 'seba'),
(3, 'Via al Castellaccio', 101, NULL, '16136', 'Genova', 'seba'),
(5, 'Via al Castellaccio', 101, NULL, '16136', 'Genova', 'seba'),
(13, 'Via Carbonaccia', 65, NULL, '32322', 'Roma', 'seba'),
(14, 'Corso Firenze', 21, NULL, '15134', 'Genoa', 'user0'),
(15, 'Via Roma', 45, NULL, '13233', 'Torino', 'user1'),
(16, '', 21, NULL, '15134 A', 'Amsterdam', 'user2'),
(17, 'Aldinghofer Stra?e', 32, NULL, '34323 B', 'Dortumund', 'user3'),
(18, 'Berndorffstr.', 45, NULL, '13486 A', 'Cologne', 'user4'),
(19, 'Via Nomentana', 92, NULL, '12467', 'Rome', 'user5'),
(20, 'Via Vandalino', 120, 'Garage Conversion', '24645', 'Turin', 'user6'),
(21, 'Ankerkade', 80, NULL, '34534 A', 'Maastricht', 'user7'),
(22, 'Warmoesstraat', 3, 'Conventional House Addition', '24354 C', 'Amsterdam', 'user8'),
(23, 'Via Callimano', 21, NULL, '23443 A', 'Venice', 'user9'),
(24, 'Via Ketama126', 68, NULL, '32434', 'Bologna', 'user10'),
(25, 'Ballindamm', 21, NULL, '12356', 'Hamburg', 'user11'),
(26, 'Bulevardul Unirii', 87, 'Conventional House Addition', '23423', 'Bucharest', 'user12'),
(27, 'Passeig del Born', 76, 'Garage Conversion', '76575', 'Barcelona', 'user13'),
(28, 'Aargauerstrasse ', 104, NULL, '34534', 'Zurich', 'user14'),
(29, 'Via Matteotti', 32, NULL, '35345', 'Genoa', 'user15'),
(30, 'Via Jacopo Durandi', 86, 'Garage Conversion', '34454', 'Torino', 'user16'),
(31, 'Vijzelgracht', 48, NULL, '13443 B', 'Amsterdam', 'user17'),
(32, 'Anton-Kayser-Stra?e', 46, NULL, '87673', 'Dortumund', 'user18'),
(33, 'C?sarstr.', 81, NULL, '23423', 'Cologne', 'user19'),
(34, 'Via Merulana', 3, NULL, '64345', 'Rome', 'user20'),
(35, 'Via Pollenzo', 56, 'Conventional House Addition', '23524', 'Turin', 'user21'),
(36, 'Kasteel Schaloenstraat', 2, NULL, '23456 C', 'Maastricht', 'user22'),
(37, 'Spuistraat', 39, NULL, '62456 C', 'Amsterdam', 'user23'),
(38, 'Via Rami', 112, 'Garage Conversion', '32146', 'Venice', 'user24'),
(39, 'Via Jake la Furia', 117, NULL, '43141', 'Bologna', 'user25'),
(40, 'Colonnaden', 51, NULL, '42545', 'Hamburg', 'user26'),
(41, 'Calea Mo?ilor', 84, NULL, '75856', 'Bucharest', 'user27'),
(42, 'Carrer dels Mirallers', 113, NULL, '34135', 'Barcelona', 'user28'),
(43, 'Abeggweg', 56, NULL, '13542', 'Zurich', 'user29'),
(44, 'Abeggweg ', 43, NULL, '13434', 'Genoa', 'user30'),
(45, 'Via XX Settembre', 42, NULL, '76334', 'Genoa', 'user31'),
(46, 'Corso Principe Oddone', 65, NULL, '13453', 'Torino', 'user32'),
(47, 'Corso Firenze', 21, 'Garage Conversion', '35245', 'Amsterdam', 'user33'),
(48, 'Beukenbergstra?e', 21, NULL, '35452', 'Dortumund', 'user34'),
(49, 'Wielandstr.', 1, NULL, '65767', 'Cologne', 'user35'),
(50, 'Via dei Coronari', 54, 'Sunroom', '24512', 'Rome', 'user36'),
(51, 'Via Antonio Pigafetta', 84, NULL, '41345', 'Turin', 'user37'),
(52, 'Kelvinstraat', 23, NULL, '13523 C', 'Maastricht', 'user38'),
(53, 'Raadhuisstraat', 52, 'Garage Conversion', '32557 A', 'Amsterdam', 'user39'),
(54, 'Via Sotoportego', 21, NULL, '34534', 'Venice', 'user40'),
(55, 'Via Sebastian Pusch', 55, 'Garage Conversion', '13464', 'Bologna', 'user41'),
(56, 'Krameramtsstuben', 133, NULL, '12312', 'Hamburg', 'user42'),
(57, '?oseaua Kiseleff', 79, NULL, '12412', 'Bucharest', 'user43'),
(58, 'Carrer de Montcada', 92, NULL, '12441', 'Barcelona', 'user44'),
(59, 'Abendweg', 56, NULL, '15342', 'Zurich', 'user45'),
(60, 'Via XXV Aprile', 54, NULL, '34164', 'Genoa', 'user46'),
(61, 'Via delle Palme', 98, NULL, '24432', 'Genoa', 'user47'),
(62, 'Corso Vittorio Emanuele II', 123, NULL, '23421', 'Torino', 'user48'),
(63, 'Corso Firenze', 21, NULL, '85573 A', 'Amsterdam', 'user0'),
(64, 'Brauerstra?e', 21, 'Garage Conversion', '12688', 'Dortumund', 'user1'),
(65, 'M?rikestr.', 44, NULL, '41234', 'Cologne', 'user2'),
(66, 'Via Ostiense', 79, 'Garage Conversion', '13523', 'Rome', 'user3'),
(67, 'Corso Peschiera', 24, NULL, '23423', 'Turin', 'user4'),
(68, 'Oosterweg', 4, NULL, '52356 D', 'Maastricht', 'user5'),
(69, 'Rozengracht', 112, NULL, '34134 D', 'Amsterdam', 'user6'),
(70, 'Salizada', 4, NULL, '52354', 'Venice', 'user7'),
(71, 'Via Consorzio Alimentare', 21, NULL, '35255', 'Bologna', 'user8'),
(72, 'Palmaille', 65, NULL, '53252', 'Hamburg', 'user9'),
(73, 'Lipscani', 21, NULL, '52351', 'Bucharest', 'user10'),
(74, 'Carrer dels Escudellers', 121, NULL, '12452', 'Barcelona', 'user11'),
(75, 'Ackermannstrasse', 38, NULL, '42345', 'Zurich', 'user12'),
(76, 'Piazza Rossetti', 11, 'Conventional House Addition', '23531', 'Genoa', 'user13'),
(77, 'Via Nomentana', 92, 'Garage Conversion', '23412', 'Rome', 'user14'),
(78, 'Via Vandalino', 120, NULL, '42346', 'Turin', 'user15'),
(79, 'Corso Pandolino', 111, 'Sunroom', '42342', 'Genoa', 'user16'),
(80, 'Via Ciabatta', 32, NULL, '324423', 'Rome', 'user17'),
(81, 'Via Enrico Vessetti', 92, 'Garage Conversion', '23423', 'Turin', 'user18'),
(82, 'Via Giovanni Muciaccia', 11, NULL, '42432', 'Genoa', 'user19'),
(83, 'Via Momentanea', 64, NULL, '42634', 'Rome', 'user20'),
(84, 'Via Tempoaro', 87, NULL, '41342', 'Turin', 'user21'),
(85, 'Via Acerca', 95, 'Conventional House Addition', '34234', 'Genoa', 'user22'),
(86, 'Via Teresa Valle', 132, 'Garage Conversion', '23423', 'Rome', 'user23'),
(87, 'Piazza Enrico Vicario', 83, NULL, '44432', 'Turin', 'user24'),
(88, 'Via Federico Cavaliere', 31, NULL, '44444', 'Genoa', 'user25'),
(89, 'Piazza Mutanda', 92, NULL, '34454', 'Rome', 'user26'),
(90, 'Via Oddo', 53, NULL, '14574', 'Turin', 'user27'),
(91, 'Piazza Ignota', 74, 'Sunroom', '42644', 'Genoa', 'user28'),
(92, 'Via Famosa', 93, NULL, '24634', 'Rome', 'user29'),
(93, 'Piazza Fagotto', 99, 'Garage Conversion', '34264', 'Turin', 'user30'),
(94, 'Piazza Famosa', 66, NULL, '14435', 'Genoa', 'user31'),
(95, 'Via al Castellaccio', 101, NULL, '13543', 'Rome', 'user32'),
(96, 'Piazza Roma', 132, 'Garage Conversion', '75424', 'Turin', 'user33'),
(97, 'Via Macellaio', 112, NULL, '64244', 'Genoa', 'user34'),
(98, 'Via Nomentana', 92, NULL, '24175', 'Rome', 'user35'),
(99, 'Via Vicario', 23, NULL, '52651', 'Turin', 'user36'),
(100, 'Via Emanuele Re', 43, NULL, '43434', 'Genoa', 'user37'),
(101, 'Piazza Regina Elisabetta', 32, NULL, '14665', 'Rome', 'user38'),
(102, 'Piazza Re Filippo', 15, NULL, '24664', 'Turin', 'user39'),
(103, 'Piazza Cristoforo Colombo', 56, NULL, '24633', 'Genoa', 'user40'),
(104, 'Via Tedioso', 97, NULL, '25425', 'Rome', 'user0'),
(105, 'Via Palazzo Madama', 76, NULL, '42342', 'Turin', 'user1'),
(106, 'Corso unione Sovietica', 1, 'Garage Conversion', '32432', 'Genoa', 'user2'),
(107, 'Piazza della Signoria', 32, NULL, '24684', 'Rome', 'user3'),
(108, 'Corso Italia', 30, NULL, '23244', 'Turin', 'user4'),
(109, 'Corso Germania', 20, 'Garage Conversion', '24342', 'Genoa', 'user5'),
(110, 'Corso Venezia', 95, NULL, '24263', 'Rome', 'user6'),
(111, 'Corso Romania', 71, NULL, '35344', 'Turin', 'user7'),
(112, 'Corso Giovanni Briatore', 143, NULL, '34524', 'Genoa', 'user8'),
(113, 'Corso Principe Oddone', 65, NULL, '25435', 'Rome', 'user9'),
(114, 'Piazza Gandalf', 120, 'Garage Conversion', '25245', 'Turin', 'user10'),
(115, 'Via Bilbo Beggins', 111, NULL, '52452', 'Genoa', 'user11'),
(116, 'Corso Olanda', 92, NULL, '75432', 'Rome', 'user12'),
(117, 'Corso Vallarino', 102, 'Sunroom', '24571', 'Turin', 'user13'),
(118, 'Piazza Della Signoria', 121, NULL, '13572', 'Genoa', 'user14'),
(119, 'Corso Natale', 81, NULL, '23472', 'Rome', 'user15'),
(120, 'Via della Fenice', 82, NULL, '44542', 'Turin', 'user16'),
(121, 'Via Guglielmo il Grande', 42, NULL, '52346', 'Genoa', 'user17'),
(122, 'Via Nomentana', 2, NULL, '51332', 'Rome', 'user18'),
(123, 'Via Vandalino', 120, 'Garage Conversion', '36446', 'Turin', 'user19'),
(124, 'Piazza Rossetti', 11, NULL, '14563', 'Genoa', 'user20'),
(125, 'Via Nomentana', 92, NULL, '52364', 'Rome', 'user21'),
(126, 'Via Natale Bruno', 47, NULL, '74243', 'Turin', 'user22'),
(127, 'Corso Roma', 123, NULL, '14563', 'Genoa', 'user23'),
(128, 'Via Emilia Romagna', 192, 'Garage Conversion', '65243', 'Rome', 'user24'),
(129, 'Via Giovanni Re', 32, NULL, '15454', 'Turin', 'user25'),
(130, 'Piazza Rossetti', 11, NULL, '14561', 'Genoa', 'user26'),
(131, 'Via maratona Mentana', 92, NULL, '143541', 'Rome', 'user27'),
(132, 'Via Armadio', 82, 'Sunroom', '76576', 'Turin', 'user28'),
(133, 'Via sconosciuta', 42, NULL, '75767', 'Genoa', 'user29'),
(134, 'Via conoscoita', 81, NULL, '86323', 'Rome', 'user30'),
(135, 'Via Famosa', 64, NULL, '52424', 'Turin', 'user31'),
(136, 'Via Noiosa', 44, 'Garage Conversion', '42143', 'Genoa', 'user32'),
(137, 'Via Bella', 142, NULL, '36567', 'Rome', 'user33'),
(138, 'Via Brutta', 127, NULL, '36245', 'Turin', 'user34'),
(139, 'Via Roma', 126, NULL, '53242', 'Genoa', 'user35'),
(140, 'Via Montecitorio', 36, NULL, '42346', 'Rome', 'user36'),
(141, 'Via del Vandalo', 40, NULL, '42543', 'Turin', 'user37'),
(142, 'Piazza Cinque', 5, NULL, '34234', 'Genoa', 'user38'),
(143, 'Via Sei', 6, 'Sunroom', '23467', 'Rome', 'user39'),
(144, 'Via Sette', 7, NULL, '42621', 'Turin', 'user40'),
(145, 'Via Otto', 8, NULL, '85642', 'Genoa', 'user41'),
(146, 'Via Nove', 9, NULL, '54321', 'Rome', 'user42'),
(147, 'Via Dieci', 10, NULL, '54327', 'Turin', 'user43'),
(148, 'Via Pericolosa', 55, NULL, '52372', 'Genoa', 'user44'),
(149, 'Via Sicura', 15, 'Garage Conversion', '58623', 'Rome', 'user45'),
(150, 'Via Pandino', 24, NULL, '82643', 'Turin', 'user46'),
(151, 'Corso Napoleone', 25, NULL, '61472', 'Genoa', 'user47'),
(152, 'Corso Francia', 92, 'Sunroom', '16614', 'Rome', 'user48'),
(153, 'Corso Inghilterra', 52, NULL, '45614', 'Turin', 'user0'),
(154, 'Corso Rossetti', 45, NULL, '61464', 'Genoa', 'user1'),
(155, 'Piazza Fontane Marose', 75, NULL, '13452', 'Rome', 'user1'),
(156, 'Piazza de Ferrari', 120, NULL, '76223', 'Turin', 'seba'),
(157, 'Piazza Brignole', 11, 'Garage Conversion', '14623', 'Genoa', 'seba'),
(158, 'Piazza Montano', 92, NULL, '72452', 'Rome', 'user4'),
(159, 'Piazza Rivarolo', 120, NULL, '13563', 'Turin', 'user5'),
(160, 'Via Dino Col', 11, NULL, '46725', 'Genoa', 'user10'),
(161, 'Via Campasso', 92, NULL, '61462', 'Rome', 'seba'),
(162, 'Piazza Cornigilano', 120, NULL, '72578', 'Turin', 'user20'),
(163, 'Via Domenico Chiodo', 11, 'Sunroom', '25342', 'Genoa', 'user30'),
(164, 'Via Carbone', 92, NULL, '27532', 'Rome', 'user40'),
(165, 'Via Luigi Garibaldi', 20, NULL, '53453', 'Turin', 'seba'),
(166, 'Piazza Dei Mille', 1, NULL, '32675', 'Genoa', 'seba'),
(167, 'Piazza dei Cinque', 2, NULL, '31455', 'Rome', 'seba'),
(168, 'Piazza Senza nome', 10, NULL, '53222', 'Turin', 'seba'),
(169, 'example street', 100, NULL, '12345 A', 'Genova', 'admin'),
(170, 'example street', 100, NULL, '12345 A', 'Genova', 'admin'),
(171, 'example street', 100, NULL, '12345 A', 'Genova', 'admin');

-- --------------------------------------------------------

--
-- Struttura della tabella `rooms`
--

CREATE TABLE `rooms` (
  `id` int(64) NOT NULL,
  `type` varchar(64) NOT NULL,
  `width` int(64) NOT NULL,
  `length` int(64) NOT NULL,
  `height` int(64) NOT NULL,
  `id_house` int(64) NOT NULL
) ENGINE=InnoDB DEFAULT CHARSET=utf8mb4;

--
-- Dump dei dati per la tabella `rooms`
--

INSERT INTO `rooms` (`id`, `type`, `width`, `length`, `height`, `id_house`) VALUES
(1, 'toilet', 200, 200, 200, 5),
(8, 'bedroom', 5, 5, 3, 1),
(9, 'toilet', 5, 5, 3, 1),
(10, 'toilet', 5, 5, 3, 1),
(11, 'living room', 5, 7, 2, 13),
(12, 'bedroom', 2, 7, 3, 13),
(13, 'toilet', 9, 6, 3, 13),
(14, 'toilet', 6, 10, 3, 13),
(15, 'toilet', 5, 4, 2, 13),
(16, 'bathroom', 10, 4, 2, 13),
(17, 'storage', 3, 6, 3, 13),
(18, 'living room', 2, 6, 2, 14),
(19, 'living room', 6, 9, 2, 14),
(20, 'bedroom', 4, 9, 2, 14),
(21, 'bedroom', 8, 7, 3, 14),
(22, 'bedroom', 8, 5, 3, 14),
(23, 'toilet', 4, 4, 2, 14),
(24, 'toilet', 7, 3, 2, 14),
(25, 'toilet', 3, 6, 2, 14),
(26, 'bathroom', 6, 4, 2, 14),
(27, 'bathroom', 8, 5, 2, 14),
(28, 'bathroom', 6, 6, 2, 14),
(29, 'storage', 5, 2, 3, 14),
(30, 'living room', 7, 2, 2, 15),
(31, 'living room', 10, 3, 3, 15),
(32, 'bedroom', 3, 7, 3, 15),
(33, 'bedroom', 8, 10, 2, 15),
(34, 'bedroom', 3, 7, 3, 15),
(35, 'bedroom', 7, 6, 3, 15),
(36, 'toilet', 7, 7, 2, 15),
(37, 'bathroom', 3, 7, 3, 15),
(38, 'bathroom', 6, 7, 2, 15),
(39, 'storage', 3, 5, 2, 15),
(40, 'living room', 4, 10, 2, 16),
(41, 'bedroom', 5, 6, 2, 16),
(42, 'toilet', 3, 8, 3, 16),
(43, 'toilet', 8, 9, 3, 16),
(44, 'bathroom', 2, 2, 2, 16),
(45, 'bathroom', 2, 7, 3, 16),
(46, 'storage', 8, 2, 2, 16),
(47, 'living room', 9, 3, 3, 17),
(48, 'living room', 10, 2, 2, 17),
(49, 'bedroom', 8, 10, 2, 17),
(50, 'bedroom', 7, 6, 2, 17),
(51, 'bedroom', 10, 7, 3, 17),
(52, 'toilet', 10, 9, 3, 17),
(53, 'toilet', 7, 2, 2, 17),
(54, 'toilet', 3, 7, 3, 17),
(55, 'bathroom', 3, 2, 3, 17),
(56, 'bathroom', 4, 4, 2, 17),
(57, 'storage', 4, 8, 2, 17),
(58, 'storage', 7, 3, 2, 17),
(59, 'living room', 10, 4, 2, 18),
(60, 'living room', 5, 5, 3, 18),
(61, 'bedroom', 8, 3, 3, 18),
(62, 'bedroom', 8, 5, 3, 18),
(63, 'bedroom', 9, 5, 2, 18),
(64, 'bedroom', 9, 4, 2, 18),
(65, 'toilet', 2, 5, 3, 18),
(66, 'toilet', 8, 9, 2, 18),
(67, 'bathroom', 2, 9, 3, 18),
(68, 'storage', 4, 9, 2, 18),
(69, 'living room', 7, 9, 3, 19),
(70, 'bedroom', 3, 8, 3, 19),
(71, 'bedroom', 2, 5, 3, 19),
(72, 'bedroom', 6, 3, 2, 19),
(73, 'bedroom', 4, 6, 3, 19),
(74, 'toilet', 8, 9, 3, 19),
(75, 'toilet', 4, 7, 2, 19),
(76, 'toilet', 2, 6, 2, 19),
(77, 'bathroom', 4, 4, 2, 19),
(78, 'bathroom', 5, 7, 3, 19),
(79, 'bathroom', 6, 7, 3, 19),
(80, 'storage', 10, 7, 3, 19),
(81, 'storage', 6, 2, 3, 19),
(82, 'living room', 6, 3, 3, 20),
(83, 'living room', 8, 2, 2, 20),
(84, 'bedroom', 10, 5, 3, 20),
(85, 'bedroom', 10, 6, 3, 20),
(86, 'bedroom', 4, 10, 3, 20),
(87, 'bedroom', 8, 9, 3, 20),
(88, 'bedroom', 2, 8, 3, 20),
(89, 'toilet', 8, 5, 2, 20),
(90, 'toilet', 8, 7, 3, 20),
(91, 'bathroom', 3, 3, 2, 20),
(92, 'bathroom', 3, 7, 2, 20),
(93, 'bathroom', 7, 10, 3, 20),
(94, 'storage', 7, 7, 3, 20),
(95, 'storage', 6, 6, 3, 20),
(96, 'living room', 3, 7, 3, 21),
(97, 'bedroom', 3, 8, 2, 21),
(98, 'bedroom', 7, 3, 3, 21),
(99, 'bedroom', 2, 8, 3, 21),
(100, 'bedroom', 5, 3, 3, 21),
(101, 'bedroom', 6, 3, 2, 21),
(102, 'toilet', 8, 7, 2, 21),
(103, 'toilet', 3, 6, 3, 21),
(104, 'toilet', 9, 4, 2, 21),
(105, 'bathroom', 4, 6, 2, 21),
(106, 'storage', 9, 2, 3, 21),
(107, 'living room', 10, 8, 2, 22),
(108, 'living room', 9, 3, 2, 22),
(109, 'bedroom', 3, 3, 2, 22),
(110, 'bedroom', 6, 10, 3, 22),
(111, 'bedroom', 5, 6, 2, 22),
(112, 'bedroom', 2, 8, 3, 22),
(113, 'toilet', 2, 6, 2, 22),
(114, 'toilet', 6, 6, 3, 22),
(115, 'bathroom', 6, 6, 2, 22),
(116, 'bathroom', 7, 3, 3, 22),
(117, 'storage', 10, 2, 3, 22),
(118, 'storage', 3, 10, 3, 22),
(131, 'living room', 4, 10, 3, 24),
(132, 'living room', 7, 7, 3, 24),
(133, 'bedroom', 3, 5, 3, 24),
(134, 'bedroom', 3, 8, 3, 24),
(135, 'bedroom', 2, 9, 3, 24),
(136, 'toilet', 9, 4, 3, 24),
(137, 'toilet', 5, 3, 2, 24),
(138, 'bathroom', 2, 5, 3, 24),
(139, 'storage', 10, 10, 2, 24),
(140, 'living room', 9, 8, 2, 25),
(141, 'bedroom', 6, 3, 3, 25),
(142, 'bedroom', 3, 5, 3, 25),
(143, 'toilet', 2, 3, 3, 25),
(144, 'toilet', 10, 7, 2, 25),
(145, 'toilet', 10, 2, 2, 25),
(146, 'bathroom', 10, 6, 2, 25),
(147, 'bathroom', 5, 5, 2, 25),
(148, 'storage', 7, 9, 3, 25),
(149, 'storage', 8, 2, 3, 25),
(150, 'living room', 10, 6, 2, 26),
(151, 'living room', 9, 6, 2, 26),
(152, 'bedroom', 8, 10, 2, 26),
(153, 'bedroom', 4, 9, 2, 26),
(154, 'bedroom', 7, 6, 2, 26),
(155, 'toilet', 7, 8, 2, 26),
(156, 'bathroom', 4, 8, 3, 26),
(157, 'bathroom', 10, 6, 2, 26),
(158, 'storage', 5, 7, 2, 26),
(159, 'living room', 7, 6, 2, 27),
(160, 'bedroom', 8, 2, 3, 27),
(161, 'toilet', 9, 10, 3, 27),
(162, 'toilet', 10, 5, 2, 27),
(163, 'toilet', 8, 2, 2, 27),
(164, 'bathroom', 4, 8, 3, 27),
(165, 'bathroom', 10, 9, 3, 27),
(166, 'bathroom', 10, 2, 2, 27),
(167, 'storage', 3, 2, 2, 27),
(168, 'living room', 9, 5, 2, 28),
(169, 'living room', 5, 6, 2, 28),
(170, 'bedroom', 2, 4, 3, 28),
(171, 'toilet', 3, 9, 2, 28),
(172, 'bathroom', 10, 9, 3, 28),
(173, 'bathroom', 9, 3, 3, 28),
(174, 'bathroom', 9, 9, 3, 28),
(175, 'storage', 2, 5, 3, 28),
(176, 'living room', 2, 10, 2, 29),
(177, 'bedroom', 3, 8, 2, 29),
(178, 'toilet', 6, 9, 3, 29),
(179, 'toilet', 6, 9, 2, 29),
(180, 'toilet', 10, 9, 3, 29),
(181, 'bathroom', 9, 7, 3, 29),
(182, 'storage', 6, 5, 2, 29),
(183, 'living room', 7, 7, 2, 30),
(184, 'living room', 8, 2, 2, 30),
(185, 'bedroom', 9, 8, 2, 30),
(186, 'toilet', 4, 3, 2, 30),
(187, 'toilet', 5, 9, 3, 30),
(188, 'bathroom', 10, 5, 2, 30),
(189, 'storage', 9, 6, 3, 30),
(190, 'living room', 4, 2, 3, 31),
(191, 'living room', 8, 8, 2, 31),
(192, 'bedroom', 4, 3, 2, 31),
(193, 'bedroom', 2, 10, 2, 31),
(194, 'toilet', 6, 2, 3, 31),
(195, 'toilet', 7, 5, 2, 31),
(196, 'bathroom', 8, 9, 2, 31),
(197, 'bathroom', 5, 4, 3, 31),
(198, 'bathroom', 9, 6, 2, 31),
(199, 'storage', 9, 5, 2, 31),
(200, 'storage', 5, 4, 3, 31),
(201, 'living room', 10, 6, 2, 32),
(202, 'bedroom', 10, 6, 2, 32),
(203, 'bedroom', 6, 6, 3, 32),
(204, 'bedroom', 9, 3, 3, 32),
(205, 'toilet', 5, 7, 3, 32),
(206, 'toilet', 2, 8, 2, 32),
(207, 'bathroom', 6, 4, 3, 32),
(208, 'bathroom', 5, 9, 3, 32),
(209, 'bathroom', 9, 2, 3, 32),
(210, 'storage', 8, 7, 2, 32),
(211, 'storage', 10, 5, 3, 32),
(212, 'living room', 2, 5, 3, 33),
(213, 'bedroom', 6, 8, 2, 33),
(214, 'bedroom', 3, 8, 3, 33),
(215, 'bedroom', 4, 5, 3, 33),
(216, 'bedroom', 2, 10, 3, 33),
(217, 'bedroom', 8, 8, 3, 33),
(218, 'toilet', 5, 5, 3, 33),
(219, 'toilet', 2, 6, 2, 33),
(220, 'toilet', 3, 9, 3, 33),
(221, 'bathroom', 8, 2, 3, 33),
(222, 'bathroom', 4, 8, 2, 33),
(223, 'storage', 5, 4, 3, 33),
(224, 'living room', 4, 9, 3, 34),
(225, 'bedroom', 5, 8, 3, 34),
(226, 'bedroom', 10, 3, 2, 34),
(227, 'toilet', 3, 3, 2, 34),
(228, 'toilet', 9, 7, 2, 34),
(229, 'bathroom', 3, 10, 3, 34),
(230, 'storage', 3, 4, 2, 34),
(231, 'storage', 4, 9, 2, 34),
(232, 'living room', 2, 10, 3, 35),
(233, 'bedroom', 2, 2, 2, 35),
(234, 'bedroom', 3, 6, 2, 35),
(235, 'toilet', 10, 6, 3, 35),
(236, 'toilet', 6, 6, 2, 35),
(237, 'bathroom', 6, 2, 2, 35),
(238, 'storage', 9, 9, 3, 35),
(239, 'storage', 5, 9, 3, 35),
(240, 'living room', 10, 9, 2, 36),
(241, 'bedroom', 9, 10, 3, 36),
(242, 'bedroom', 8, 3, 3, 36),
(243, 'bedroom', 4, 7, 2, 36),
(244, 'bedroom', 4, 10, 3, 36),
(245, 'bedroom', 10, 2, 2, 36),
(246, 'toilet', 9, 5, 2, 36),
(247, 'bathroom', 5, 5, 3, 36),
(248, 'bathroom', 2, 4, 2, 36),
(249, 'bathroom', 6, 5, 2, 36),
(250, 'storage', 6, 10, 2, 36),
(251, 'storage', 5, 4, 3, 36),
(252, 'living room', 4, 8, 2, 37),
(253, 'bedroom', 7, 3, 2, 37),
(254, 'bedroom', 6, 5, 3, 37),
(255, 'bedroom', 5, 5, 3, 37),
(256, 'bedroom', 7, 3, 2, 37),
(257, 'toilet', 3, 3, 3, 37),
(258, 'toilet', 2, 6, 3, 37),
(259, 'toilet', 2, 9, 2, 37),
(260, 'bathroom', 8, 10, 3, 37),
(261, 'bathroom', 10, 6, 2, 37),
(262, 'storage', 7, 10, 3, 37),
(263, 'storage', 3, 3, 2, 37),
(264, 'living room', 4, 7, 2, 38),
(265, 'living room', 7, 9, 3, 38),
(266, 'bedroom', 4, 9, 2, 38),
(267, 'bedroom', 8, 10, 2, 38),
(268, 'bedroom', 9, 8, 3, 38),
(269, 'bedroom', 2, 4, 3, 38),
(270, 'toilet', 9, 3, 2, 38),
(271, 'toilet', 7, 7, 2, 38),
(272, 'toilet', 3, 4, 2, 38),
(273, 'bathroom', 2, 5, 3, 38),
(274, 'bathroom', 9, 3, 2, 38),
(275, 'bathroom', 9, 5, 2, 38),
(276, 'storage', 8, 9, 3, 38),
(277, 'living room', 2, 7, 3, 39),
(278, 'bedroom', 4, 8, 2, 39),
(279, 'bedroom', 3, 6, 3, 39),
(280, 'bedroom', 3, 2, 3, 39),
(281, 'bedroom', 6, 4, 2, 39),
(282, 'toilet', 5, 8, 2, 39),
(283, 'bathroom', 8, 4, 3, 39),
(284, 'storage', 3, 5, 2, 39),
(285, 'storage', 7, 5, 3, 39),
(286, 'living room', 5, 2, 3, 40),
(287, 'living room', 5, 6, 3, 40),
(288, 'bedroom', 10, 5, 3, 40),
(289, 'bedroom', 9, 10, 3, 40),
(290, 'toilet', 6, 3, 2, 40),
(291, 'toilet', 10, 3, 3, 40),
(292, 'bathroom', 8, 7, 2, 40),
(293, 'storage', 5, 7, 2, 40),
(294, 'storage', 3, 4, 2, 40),
(295, 'living room', 10, 5, 2, 41),
(296, 'living room', 5, 10, 3, 41),
(297, 'bedroom', 6, 2, 3, 41),
(298, 'bedroom', 2, 7, 2, 41),
(299, 'toilet', 6, 2, 2, 41),
(300, 'toilet', 3, 10, 3, 41),
(301, 'toilet', 3, 4, 3, 41),
(302, 'bathroom', 7, 2, 2, 41),
(303, 'storage', 5, 2, 3, 41),
(304, 'living room', 3, 4, 2, 42),
(305, 'living room', 4, 4, 3, 42),
(306, 'bedroom', 5, 5, 3, 42),
(307, 'bedroom', 5, 3, 3, 42),
(308, 'bedroom', 10, 7, 3, 42),
(309, 'bedroom', 2, 5, 3, 42),
(310, 'bedroom', 4, 2, 2, 42),
(311, 'toilet', 5, 5, 2, 42),
(312, 'toilet', 10, 7, 2, 42),
(313, 'toilet', 2, 3, 2, 42),
(314, 'bathroom', 5, 9, 3, 42),
(315, 'bathroom', 2, 6, 3, 42),
(316, 'storage', 4, 5, 3, 42),
(317, 'living room', 3, 3, 2, 43),
(318, 'living room', 7, 3, 2, 43),
(319, 'bedroom', 7, 10, 3, 43),
(320, 'toilet', 4, 9, 2, 43),
(321, 'toilet', 8, 9, 2, 43),
(322, 'toilet', 5, 4, 2, 43),
(323, 'bathroom', 8, 4, 3, 43),
(324, 'storage', 9, 2, 2, 43),
(325, 'living room', 2, 10, 3, 44),
(326, 'bedroom', 9, 5, 2, 44),
(327, 'bedroom', 2, 3, 3, 44),
(328, 'bedroom', 9, 7, 2, 44),
(329, 'bedroom', 3, 8, 2, 44),
(330, 'bedroom', 10, 8, 2, 44),
(331, 'toilet', 5, 8, 3, 44),
(332, 'toilet', 8, 6, 2, 44),
(333, 'bathroom', 7, 8, 3, 44),
(334, 'storage', 4, 3, 2, 44),
(335, 'living room', 9, 8, 3, 45),
(336, 'living room', 6, 2, 2, 45),
(337, 'bedroom', 4, 2, 2, 45),
(338, 'bedroom', 7, 10, 3, 45),
(339, 'bedroom', 5, 10, 3, 45),
(340, 'bedroom', 4, 3, 3, 45),
(341, 'toilet', 6, 8, 2, 45),
(342, 'bathroom', 2, 8, 3, 45),
(343, 'storage', 2, 2, 3, 45),
(344, 'living room', 2, 7, 3, 46),
(345, 'bedroom', 9, 7, 3, 46),
(346, 'bedroom', 10, 8, 3, 46),
(347, 'bedroom', 7, 5, 3, 46),
(348, 'toilet', 8, 6, 3, 46),
(349, 'toilet', 3, 7, 3, 46),
(350, 'toilet', 5, 3, 2, 46),
(351, 'bathroom', 5, 9, 2, 46),
(352, 'bathroom', 9, 9, 2, 46),
(353, 'storage', 9, 6, 2, 46),
(354, 'storage', 2, 3, 2, 46),
(355, 'living room', 2, 9, 2, 47),
(356, 'living room', 7, 9, 3, 47),
(357, 'bedroom', 2, 5, 2, 47),
(358, 'toilet', 2, 2, 2, 47),
(359, 'bathroom', 7, 6, 3, 47),
(360, 'storage', 5, 3, 2, 47),
(361, 'living room', 5, 8, 3, 48),
(362, 'living room', 3, 7, 2, 48),
(363, 'bedroom', 6, 2, 3, 48),
(364, 'bedroom', 6, 8, 3, 48),
(365, 'bedroom', 10, 7, 3, 48),
(366, 'bedroom', 7, 10, 3, 48),
(367, 'bedroom', 4, 8, 2, 48),
(368, 'toilet', 10, 4, 2, 48),
(369, 'toilet', 4, 8, 2, 48),
(370, 'toilet', 7, 7, 2, 48),
(371, 'bathroom', 9, 8, 3, 48),
(372, 'storage', 9, 7, 2, 48),
(373, 'storage', 3, 7, 3, 48),
(374, 'living room', 9, 4, 2, 49),
(375, 'bedroom', 10, 6, 3, 49),
(376, 'bedroom', 6, 7, 3, 49),
(377, 'toilet', 7, 7, 3, 49),
(378, 'bathroom', 6, 10, 3, 49),
(379, 'bathroom', 6, 6, 2, 49),
(380, 'storage', 4, 7, 3, 49),
(381, 'living room', 2, 9, 3, 50),
(382, 'bedroom', 9, 5, 2, 50),
(383, 'bedroom', 6, 3, 3, 50),
(384, 'bedroom', 4, 6, 3, 50),
(385, 'bedroom', 4, 10, 2, 50),
(386, 'bedroom', 10, 5, 2, 50),
(387, 'toilet', 6, 5, 2, 50),
(388, 'toilet', 8, 6, 3, 50),
(389, 'toilet', 7, 10, 2, 50),
(390, 'bathroom', 3, 9, 2, 50),
(391, 'bathroom', 7, 9, 3, 50),
(392, 'bathroom', 10, 6, 2, 50),
(393, 'storage', 4, 10, 2, 50),
(394, 'storage', 7, 2, 2, 50),
(395, 'living room', 6, 6, 3, 51),
(396, 'living room', 7, 7, 2, 51),
(397, 'bedroom', 7, 7, 3, 51),
(398, 'bedroom', 5, 8, 2, 51),
(399, 'toilet', 3, 3, 3, 51),
(400, 'bathroom', 2, 9, 3, 51),
(401, 'storage', 8, 2, 3, 51),
(402, 'storage', 6, 8, 3, 51),
(403, 'living room', 3, 4, 2, 52),
(404, 'living room', 8, 5, 2, 52),
(405, 'bedroom', 10, 7, 3, 52),
(406, 'bedroom', 8, 9, 2, 52),
(407, 'bedroom', 6, 5, 2, 52),
(408, 'bedroom', 3, 6, 3, 52),
(409, 'toilet', 5, 9, 2, 52),
(410, 'bathroom', 6, 6, 2, 52),
(411, 'storage', 5, 4, 3, 52),
(412, 'living room', 10, 10, 3, 53),
(413, 'bedroom', 9, 8, 2, 53),
(414, 'bedroom', 9, 9, 3, 53),
(415, 'bedroom', 7, 8, 3, 53),
(416, 'bedroom', 9, 4, 3, 53),
(417, 'bedroom', 10, 8, 2, 53),
(418, 'toilet', 9, 9, 3, 53),
(419, 'bathroom', 2, 10, 3, 53),
(420, 'bathroom', 9, 2, 2, 53),
(421, 'storage', 2, 3, 3, 53),
(422, 'living room', 10, 2, 2, 54),
(423, 'bedroom', 7, 3, 3, 54),
(424, 'bedroom', 4, 3, 2, 54),
(425, 'bedroom', 8, 5, 2, 54),
(426, 'bedroom', 9, 7, 3, 54),
(427, 'bedroom', 9, 10, 2, 54),
(428, 'toilet', 5, 8, 2, 54),
(429, 'bathroom', 6, 8, 3, 54),
(430, 'bathroom', 10, 6, 3, 54),
(431, 'storage', 8, 4, 3, 54),
(432, 'living room', 9, 4, 2, 55),
(433, 'living room', 4, 9, 3, 55),
(434, 'bedroom', 3, 3, 2, 55),
(435, 'bedroom', 3, 2, 2, 55),
(436, 'bedroom', 7, 3, 3, 55),
(437, 'toilet', 6, 7, 2, 55),
(438, 'toilet', 2, 8, 3, 55),
(439, 'bathroom', 9, 7, 2, 55),
(440, 'storage', 2, 7, 3, 55),
(441, 'living room', 6, 9, 2, 56),
(442, 'living room', 3, 10, 3, 56),
(443, 'bedroom', 8, 5, 2, 56),
(444, 'toilet', 10, 7, 3, 56),
(445, 'bathroom', 9, 3, 3, 56),
(446, 'storage', 9, 2, 3, 56),
(447, 'living room', 2, 4, 2, 57),
(448, 'bedroom', 3, 10, 3, 57),
(449, 'bedroom', 6, 8, 2, 57),
(450, 'bedroom', 4, 8, 3, 57),
(451, 'toilet', 8, 2, 2, 57),
(452, 'toilet', 10, 4, 3, 57),
(453, 'toilet', 9, 2, 2, 57),
(454, 'bathroom', 4, 8, 2, 57),
(455, 'bathroom', 3, 10, 3, 57),
(456, 'bathroom', 2, 4, 2, 57),
(457, 'storage', 6, 8, 2, 57),
(458, 'living room', 4, 8, 2, 58),
(459, 'living room', 2, 2, 3, 58),
(460, 'bedroom', 5, 9, 2, 58),
(461, 'bedroom', 7, 2, 2, 58),
(462, 'toilet', 7, 8, 2, 58),
(463, 'bathroom', 3, 4, 2, 58),
(464, 'bathroom', 2, 5, 3, 58),
(465, 'bathroom', 6, 9, 3, 58),
(466, 'storage', 8, 3, 2, 58),
(467, 'living room', 8, 3, 2, 59),
(468, 'living room', 9, 8, 2, 59),
(469, 'bedroom', 10, 2, 2, 59),
(470, 'bedroom', 10, 8, 3, 59),
(471, 'bedroom', 8, 7, 3, 59),
(472, 'toilet', 2, 6, 3, 59),
(473, 'toilet', 3, 9, 3, 59),
(474, 'toilet', 5, 2, 3, 59),
(475, 'bathroom', 3, 2, 2, 59),
(476, 'storage', 10, 6, 3, 59),
(477, 'storage', 2, 7, 3, 59),
(478, 'living room', 4, 4, 2, 60),
(479, 'bedroom', 3, 4, 3, 60),
(480, 'bedroom', 8, 4, 3, 60),
(481, 'bedroom', 5, 5, 3, 60),
(482, 'bedroom', 8, 9, 3, 60),
(483, 'toilet', 6, 5, 2, 60),
(484, 'toilet', 8, 9, 2, 60),
(485, 'bathroom', 10, 4, 3, 60),
(486, 'bathroom', 5, 3, 2, 60),
(487, 'bathroom', 10, 6, 3, 60),
(488, 'storage', 7, 5, 3, 60),
(489, 'living room', 7, 5, 3, 61),
(490, 'living room', 3, 7, 2, 61),
(491, 'bedroom', 5, 7, 3, 61),
(492, 'bedroom', 9, 7, 2, 61),
(493, 'toilet', 9, 8, 3, 61),
(494, 'bathroom', 8, 4, 2, 61),
(495, 'bathroom', 7, 9, 3, 61),
(496, 'bathroom', 7, 3, 2, 61),
(497, 'storage', 8, 8, 3, 61),
(498, 'living room', 6, 5, 2, 62),
(499, 'living room', 4, 7, 2, 62),
(500, 'bedroom', 2, 2, 3, 62),
(501, 'bedroom', 2, 9, 3, 62),
(502, 'bedroom', 10, 3, 3, 62),
(503, 'bedroom', 4, 6, 2, 62),
(504, 'toilet', 3, 4, 3, 62),
(505, 'toilet', 2, 5, 2, 62),
(506, 'toilet', 3, 8, 2, 62),
(507, 'bathroom', 6, 8, 3, 62),
(508, 'bathroom', 10, 9, 3, 62),
(509, 'bathroom', 8, 8, 3, 62),
(510, 'storage', 4, 2, 2, 62),
(511, 'storage', 9, 4, 3, 62),
(512, 'living room', 7, 5, 3, 63),
(513, 'bedroom', 10, 9, 3, 63),
(514, 'bedroom', 5, 10, 3, 63),
(515, 'bedroom', 3, 4, 3, 63),
(516, 'toilet', 4, 10, 3, 63),
(517, 'toilet', 7, 3, 2, 63),
(518, 'toilet', 7, 5, 3, 63),
(519, 'bathroom', 9, 5, 2, 63),
(520, 'bathroom', 6, 5, 3, 63),
(521, 'storage', 3, 8, 2, 63),
(522, 'living room', 8, 4, 3, 64),
(523, 'bedroom', 3, 10, 2, 64),
(524, 'bedroom', 10, 10, 3, 64),
(525, 'bedroom', 4, 8, 3, 64),
(526, 'toilet', 8, 6, 3, 64),
(527, 'toilet', 10, 2, 3, 64),
(528, 'bathroom', 3, 6, 2, 64),
(529, 'bathroom', 7, 6, 2, 64),
(530, 'storage', 7, 9, 2, 64),
(531, 'storage', 10, 6, 2, 64),
(532, 'living room', 4, 5, 2, 65),
(533, 'living room', 9, 3, 3, 65),
(534, 'bedroom', 4, 6, 2, 65),
(535, 'bedroom', 5, 2, 2, 65),
(536, 'bedroom', 5, 8, 2, 65),
(537, 'toilet', 6, 7, 3, 65),
(538, 'toilet', 9, 7, 3, 65),
(539, 'bathroom', 2, 4, 2, 65),
(540, 'bathroom', 9, 10, 2, 65),
(541, 'bathroom', 2, 6, 3, 65),
(542, 'storage', 4, 10, 2, 65),
(543, 'storage', 3, 6, 2, 65),
(544, 'living room', 9, 4, 3, 66),
(545, 'living room', 9, 7, 3, 66),
(546, 'bedroom', 5, 4, 2, 66),
(547, 'bedroom', 6, 3, 2, 66),
(548, 'bedroom', 10, 5, 2, 66),
(549, 'bedroom', 10, 3, 3, 66),
(550, 'toilet', 3, 4, 2, 66),
(551, 'bathroom', 7, 2, 3, 66),
(552, 'storage', 5, 9, 3, 66),
(553, 'storage', 4, 10, 3, 66),
(554, 'living room', 5, 4, 2, 67),
(555, 'bedroom', 4, 7, 2, 67),
(556, 'bedroom', 8, 7, 2, 67),
(557, 'bedroom', 6, 4, 2, 67),
(558, 'toilet', 3, 7, 3, 67),
(559, 'toilet', 9, 3, 3, 67),
(560, 'toilet', 3, 3, 2, 67),
(561, 'bathroom', 6, 9, 2, 67),
(562, 'storage', 6, 5, 2, 67),
(563, 'living room', 2, 5, 2, 68),
(564, 'bedroom', 10, 5, 2, 68),
(565, 'bedroom', 10, 6, 3, 68),
(566, 'bedroom', 6, 10, 2, 68),
(567, 'toilet', 2, 7, 2, 68),
(568, 'toilet', 7, 5, 3, 68),
(569, 'bathroom', 8, 6, 3, 68),
(570, 'bathroom', 4, 4, 2, 68),
(571, 'storage', 2, 5, 2, 68),
(572, 'living room', 7, 8, 3, 69),
(573, 'living room', 7, 4, 2, 69),
(574, 'bedroom', 4, 8, 2, 69),
(575, 'bedroom', 2, 4, 3, 69),
(576, 'toilet', 4, 5, 2, 69),
(577, 'bathroom', 6, 10, 2, 69),
(578, 'bathroom', 10, 2, 3, 69),
(579, 'storage', 3, 9, 2, 69),
(580, 'living room', 8, 3, 3, 70),
(581, 'living room', 3, 3, 2, 70),
(582, 'bedroom', 5, 7, 2, 70),
(583, 'bedroom', 10, 7, 3, 70),
(584, 'bedroom', 3, 7, 2, 70),
(585, 'bedroom', 3, 8, 3, 70),
(586, 'toilet', 3, 6, 3, 70),
(587, 'bathroom', 3, 3, 2, 70),
(588, 'bathroom', 10, 3, 2, 70),
(589, 'storage', 6, 4, 3, 70),
(590, 'living room', 2, 8, 3, 71),
(591, 'living room', 9, 4, 2, 71),
(592, 'bedroom', 2, 9, 3, 71),
(593, 'toilet', 4, 4, 3, 71),
(594, 'toilet', 4, 6, 2, 71),
(595, 'toilet', 4, 8, 3, 71),
(596, 'bathroom', 4, 4, 2, 71),
(597, 'bathroom', 8, 3, 3, 71),
(598, 'bathroom', 8, 6, 2, 71),
(599, 'storage', 5, 3, 2, 71),
(600, 'storage', 9, 5, 2, 71),
(601, 'living room', 4, 8, 3, 72),
(602, 'bedroom', 6, 9, 2, 72),
(603, 'bedroom', 2, 3, 3, 72),
(604, 'toilet', 6, 3, 2, 72),
(605, 'bathroom', 8, 5, 3, 72),
(606, 'storage', 6, 4, 3, 72),
(607, 'living room', 6, 9, 2, 73),
(608, 'bedroom', 8, 10, 2, 73),
(609, 'bedroom', 9, 4, 3, 73),
(610, 'bedroom', 2, 2, 2, 73),
(611, 'toilet', 3, 10, 2, 73),
(612, 'bathroom', 7, 7, 3, 73),
(613, 'storage', 6, 5, 2, 73),
(614, 'storage', 6, 7, 3, 73),
(615, 'living room', 10, 8, 3, 74),
(616, 'living room', 2, 9, 3, 74),
(617, 'bedroom', 2, 7, 3, 74),
(618, 'bedroom', 3, 5, 3, 74),
(619, 'bedroom', 10, 5, 3, 74),
(620, 'bedroom', 2, 5, 3, 74),
(621, 'toilet', 7, 6, 3, 74),
(622, 'toilet', 2, 3, 3, 74),
(623, 'bathroom', 3, 3, 3, 74),
(624, 'bathroom', 10, 4, 2, 74),
(625, 'bathroom', 9, 3, 3, 74),
(626, 'storage', 4, 3, 2, 74),
(627, 'living room', 8, 2, 2, 75),
(628, 'bedroom', 10, 9, 2, 75),
(629, 'bedroom', 9, 7, 3, 75),
(630, 'toilet', 8, 7, 2, 75),
(631, 'toilet', 10, 2, 2, 75),
(632, 'toilet', 3, 8, 2, 75),
(633, 'bathroom', 3, 6, 2, 75),
(634, 'storage', 3, 8, 2, 75),
(635, 'living room', 4, 6, 3, 76),
(636, 'living room', 7, 3, 3, 76),
(637, 'bedroom', 10, 4, 3, 76),
(638, 'bedroom', 10, 3, 3, 76),
(639, 'bedroom', 4, 6, 3, 76),
(640, 'bedroom', 4, 10, 3, 76),
(641, 'toilet', 3, 10, 2, 76),
(642, 'bathroom', 4, 4, 2, 76),
(643, 'bathroom', 9, 8, 3, 76),
(644, 'bathroom', 2, 4, 2, 76),
(645, 'storage', 6, 6, 3, 76),
(646, 'storage', 10, 3, 3, 76),
(647, 'living room', 5, 5, 2, 77),
(648, 'bedroom', 10, 8, 3, 77),
(649, 'bedroom', 6, 2, 2, 77),
(650, 'toilet', 6, 3, 2, 77),
(651, 'toilet', 7, 3, 3, 77),
(652, 'bathroom', 2, 6, 2, 77),
(653, 'storage', 4, 6, 3, 77),
(654, 'storage', 8, 3, 3, 77),
(655, 'living room', 7, 3, 3, 78),
(656, 'bedroom', 3, 8, 3, 78),
(657, 'bedroom', 5, 5, 3, 78),
(658, 'bedroom', 9, 9, 3, 78),
(659, 'bedroom', 10, 7, 2, 78),
(660, 'toilet', 7, 9, 2, 78),
(661, 'toilet', 9, 9, 2, 78),
(662, 'bathroom', 3, 10, 3, 78),
(663, 'storage', 3, 7, 3, 78),
(664, 'living room', 6, 2, 2, 79),
(665, 'bedroom', 9, 10, 2, 79),
(666, 'bedroom', 6, 7, 2, 79),
(667, 'toilet', 10, 6, 3, 79),
(668, 'bathroom', 8, 6, 2, 79),
(669, 'bathroom', 4, 4, 3, 79),
(670, 'bathroom', 6, 5, 2, 79),
(671, 'storage', 4, 5, 2, 79),
(672, 'living room', 8, 4, 3, 80),
(673, 'bedroom', 10, 8, 3, 80),
(674, 'bedroom', 3, 7, 3, 80),
(675, 'bedroom', 5, 5, 2, 80),
(676, 'bedroom', 3, 7, 2, 80),
(677, 'bedroom', 8, 4, 2, 80),
(678, 'toilet', 4, 4, 2, 80),
(679, 'bathroom', 10, 6, 2, 80),
(680, 'storage', 7, 10, 2, 80),
(681, 'living room', 5, 3, 3, 81),
(682, 'living room', 8, 6, 2, 81),
(683, 'bedroom', 7, 2, 3, 81),
(684, 'bedroom', 8, 5, 3, 81),
(685, 'bedroom', 3, 4, 3, 81),
(686, 'bedroom', 2, 4, 2, 81),
(687, 'toilet', 7, 10, 2, 81),
(688, 'bathroom', 6, 9, 2, 81),
(689, 'bathroom', 6, 2, 3, 81),
(690, 'bathroom', 3, 3, 2, 81),
(691, 'storage', 10, 6, 3, 81),
(692, 'storage', 9, 8, 3, 81),
(693, 'living room', 7, 6, 2, 82),
(694, 'bedroom', 7, 3, 3, 82),
(695, 'bedroom', 7, 9, 2, 82),
(696, 'bedroom', 5, 2, 2, 82),
(697, 'toilet', 7, 7, 2, 82),
(698, 'toilet', 9, 10, 3, 82),
(699, 'toilet', 9, 8, 2, 82),
(700, 'bathroom', 7, 9, 2, 82),
(701, 'bathroom', 4, 3, 2, 82),
(702, 'bathroom', 9, 5, 2, 82),
(703, 'storage', 4, 8, 3, 82),
(704, 'storage', 5, 6, 2, 82),
(705, 'living room', 2, 7, 3, 83),
(706, 'bedroom', 10, 10, 2, 83),
(707, 'bedroom', 5, 6, 2, 83),
(708, 'bedroom', 4, 6, 3, 83),
(709, 'toilet', 4, 3, 2, 83),
(710, 'bathroom', 3, 10, 3, 83),
(711, 'bathroom', 8, 7, 2, 83),
(712, 'storage', 8, 3, 2, 83),
(713, 'living room', 6, 9, 3, 84),
(714, 'bedroom', 3, 2, 2, 84),
(715, 'bedroom', 8, 8, 2, 84),
(716, 'bedroom', 3, 8, 2, 84),
(717, 'toilet', 2, 3, 3, 84),
(718, 'toilet', 6, 10, 3, 84),
(719, 'bathroom', 6, 4, 2, 84),
(720, 'bathroom', 2, 3, 3, 84),
(721, 'storage', 8, 3, 2, 84),
(722, 'living room', 4, 8, 2, 85),
(723, 'bedroom', 4, 4, 3, 85),
(724, 'bedroom', 2, 10, 2, 85),
(725, 'bedroom', 5, 6, 2, 85),
(726, 'toilet', 9, 2, 2, 85),
(727, 'toilet', 10, 3, 3, 85),
(728, 'bathroom', 6, 10, 2, 85),
(729, 'storage', 3, 3, 3, 85),
(730, 'living room', 10, 7, 3, 86),
(731, 'living room', 4, 4, 2, 86),
(732, 'bedroom', 10, 4, 2, 86),
(733, 'bedroom', 7, 10, 3, 86),
(734, 'bedroom', 2, 10, 3, 86),
(735, 'toilet', 2, 4, 3, 86),
(736, 'bathroom', 7, 9, 3, 86),
(737, 'storage', 5, 9, 3, 86),
(738, 'living room', 10, 5, 2, 87),
(739, 'living room', 9, 10, 3, 87),
(740, 'bedroom', 4, 4, 2, 87),
(741, 'bedroom', 5, 9, 2, 87),
(742, 'bedroom', 10, 10, 2, 87),
(743, 'bedroom', 4, 5, 2, 87),
(744, 'bedroom', 9, 5, 3, 87),
(745, 'toilet', 10, 6, 3, 87),
(746, 'bathroom', 8, 4, 3, 87),
(747, 'storage', 7, 5, 2, 87),
(748, 'storage', 10, 9, 3, 87),
(749, 'living room', 7, 10, 2, 88),
(750, 'living room', 10, 5, 2, 88),
(751, 'bedroom', 4, 5, 2, 88),
(752, 'bedroom', 8, 4, 2, 88),
(753, 'bedroom', 6, 9, 2, 88),
(754, 'toilet', 6, 2, 2, 88),
(755, 'bathroom', 4, 5, 2, 88),
(756, 'bathroom', 7, 3, 2, 88),
(757, 'bathroom', 9, 3, 3, 88),
(758, 'storage', 9, 7, 3, 88),
(759, 'storage', 4, 7, 2, 88),
(760, 'living room', 9, 3, 3, 89),
(761, 'bedroom', 2, 7, 2, 89),
(762, 'bedroom', 2, 3, 3, 89),
(763, 'toilet', 8, 7, 2, 89),
(764, 'toilet', 3, 6, 3, 89),
(765, 'toilet', 5, 6, 2, 89),
(766, 'bathroom', 10, 6, 2, 89),
(767, 'bathroom', 10, 4, 3, 89),
(768, 'storage', 6, 10, 3, 89),
(769, 'living room', 3, 2, 2, 90),
(770, 'living room', 9, 2, 3, 90),
(771, 'bedroom', 4, 7, 3, 90),
(772, 'bedroom', 6, 5, 2, 90),
(773, 'bedroom', 5, 6, 2, 90),
(774, 'toilet', 2, 6, 3, 90),
(775, 'toilet', 6, 9, 3, 90),
(776, 'toilet', 2, 7, 3, 90),
(777, 'bathroom', 7, 6, 2, 90),
(778, 'bathroom', 5, 10, 2, 90),
(779, 'storage', 10, 5, 3, 90),
(780, 'living room', 9, 7, 2, 91),
(781, 'living room', 4, 7, 2, 91),
(782, 'bedroom', 5, 3, 2, 91),
(783, 'bedroom', 5, 3, 3, 91),
(784, 'bedroom', 3, 3, 2, 91),
(785, 'bedroom', 9, 6, 2, 91),
(786, 'toilet', 7, 3, 2, 91),
(787, 'toilet', 4, 6, 3, 91),
(788, 'bathroom', 3, 9, 2, 91),
(789, 'bathroom', 2, 4, 3, 91),
(790, 'bathroom', 5, 5, 2, 91),
(791, 'storage', 6, 6, 2, 91),
(792, 'living room', 10, 5, 3, 92),
(793, 'living room', 7, 10, 3, 92),
(794, 'bedroom', 8, 5, 3, 92),
(795, 'bedroom', 8, 10, 3, 92),
(796, 'bedroom', 4, 10, 3, 92),
(797, 'toilet', 7, 3, 2, 92),
(798, 'toilet', 9, 7, 3, 92),
(799, 'toilet', 2, 7, 3, 92),
(800, 'bathroom', 2, 10, 2, 92),
(801, 'storage', 5, 9, 3, 92),
(802, 'living room', 6, 9, 3, 93),
(803, 'bedroom', 4, 3, 3, 93),
(804, 'bedroom', 9, 5, 2, 93),
(805, 'bedroom', 9, 7, 2, 93),
(806, 'toilet', 5, 5, 2, 93),
(807, 'bathroom', 7, 10, 2, 93),
(808, 'bathroom', 9, 9, 2, 93),
(809, 'storage', 10, 9, 3, 93),
(810, 'storage', 3, 9, 3, 93),
(811, 'living room', 10, 9, 3, 94),
(812, 'living room', 9, 3, 2, 94),
(813, 'bedroom', 7, 7, 2, 94),
(814, 'bedroom', 8, 4, 2, 94),
(815, 'bedroom', 4, 2, 2, 94),
(816, 'toilet', 8, 7, 3, 94),
(817, 'bathroom', 4, 2, 3, 94),
(818, 'bathroom', 3, 8, 3, 94),
(819, 'bathroom', 8, 3, 3, 94),
(820, 'storage', 7, 9, 2, 94),
(821, 'storage', 9, 2, 3, 94),
(822, 'living room', 5, 6, 2, 95),
(823, 'bedroom', 6, 10, 2, 95),
(824, 'bedroom', 10, 2, 2, 95),
(825, 'bedroom', 9, 9, 3, 95),
(826, 'bedroom', 3, 4, 3, 95),
(827, 'toilet', 3, 10, 3, 95),
(828, 'toilet', 9, 9, 2, 95),
(829, 'toilet', 2, 5, 2, 95),
(830, 'bathroom', 5, 5, 3, 95),
(831, 'bathroom', 7, 3, 2, 95),
(832, 'storage', 2, 8, 3, 95),
(833, 'storage', 6, 2, 2, 95),
(834, 'living room', 3, 5, 3, 96),
(835, 'bedroom', 4, 5, 3, 96),
(836, 'bedroom', 10, 9, 2, 96),
(837, 'bedroom', 9, 5, 2, 96),
(838, 'bedroom', 10, 5, 3, 96),
(839, 'bedroom', 9, 4, 2, 96),
(840, 'toilet', 3, 6, 2, 96),
(841, 'bathroom', 3, 2, 3, 96),
(842, 'bathroom', 7, 6, 2, 96),
(843, 'storage', 8, 4, 3, 96),
(844, 'storage', 8, 3, 2, 96),
(845, 'living room', 5, 6, 3, 97),
(846, 'bedroom', 10, 3, 3, 97),
(847, 'bedroom', 7, 8, 3, 97),
(848, 'bedroom', 4, 4, 3, 97),
(849, 'toilet', 4, 3, 2, 97),
(850, 'toilet', 10, 2, 3, 97),
(851, 'bathroom', 8, 3, 3, 97),
(852, 'bathroom', 4, 5, 3, 97),
(853, 'storage', 4, 6, 3, 97),
(854, 'living room', 5, 5, 3, 98),
(855, 'living room', 3, 8, 3, 98),
(856, 'bedroom', 5, 3, 3, 98),
(857, 'bedroom', 10, 10, 2, 98),
(858, 'bedroom', 6, 6, 2, 98),
(859, 'toilet', 4, 5, 3, 98),
(860, 'toilet', 10, 6, 2, 98),
(861, 'bathroom', 8, 3, 2, 98),
(862, 'bathroom', 7, 5, 3, 98),
(863, 'storage', 9, 8, 3, 98),
(864, 'storage', 4, 6, 2, 98),
(865, 'living room', 6, 7, 3, 99),
(866, 'bedroom', 9, 5, 3, 99),
(867, 'bedroom', 2, 4, 2, 99),
(868, 'bedroom', 2, 10, 3, 99),
(869, 'bedroom', 5, 2, 2, 99),
(870, 'toilet', 3, 8, 3, 99),
(871, 'bathroom', 5, 8, 3, 99),
(872, 'storage', 6, 8, 3, 99),
(873, 'living room', 9, 2, 2, 100),
(874, 'bedroom', 2, 5, 3, 100),
(875, 'bedroom', 8, 10, 3, 100),
(876, 'bedroom', 9, 2, 2, 100),
(877, 'bedroom', 2, 9, 3, 100),
(878, 'bedroom', 2, 7, 2, 100),
(879, 'toilet', 2, 6, 2, 100),
(880, 'toilet', 5, 5, 2, 100),
(881, 'bathroom', 5, 2, 2, 100),
(882, 'storage', 5, 6, 3, 100),
(883, 'storage', 8, 2, 3, 100),
(884, 'living room', 6, 3, 3, 101),
(885, 'bedroom', 3, 8, 2, 101),
(886, 'bedroom', 3, 10, 3, 101),
(887, 'bedroom', 4, 8, 2, 101),
(888, 'bedroom', 7, 10, 3, 101),
(889, 'toilet', 9, 9, 3, 101),
(890, 'toilet', 9, 4, 3, 101),
(891, 'bathroom', 10, 6, 3, 101),
(892, 'storage', 9, 7, 2, 101),
(893, 'living room', 6, 5, 3, 102),
(894, 'bedroom', 2, 5, 2, 102),
(895, 'bedroom', 4, 2, 3, 102),
(896, 'bedroom', 7, 7, 3, 102),
(897, 'bedroom', 4, 3, 2, 102),
(898, 'bedroom', 4, 5, 3, 102),
(899, 'toilet', 8, 4, 2, 102),
(900, 'toilet', 3, 8, 2, 102),
(901, 'bathroom', 2, 8, 3, 102),
(902, 'bathroom', 10, 5, 3, 102),
(903, 'storage', 8, 8, 2, 102),
(904, 'living room', 7, 10, 3, 103),
(905, 'bedroom', 8, 2, 2, 103),
(906, 'bedroom', 2, 8, 3, 103),
(907, 'bedroom', 8, 5, 2, 103),
(908, 'bedroom', 10, 4, 2, 103),
(909, 'toilet', 10, 7, 3, 103),
(910, 'toilet', 2, 2, 2, 103),
(911, 'bathroom', 3, 5, 2, 103),
(912, 'bathroom', 8, 6, 3, 103),
(913, 'bathroom', 10, 2, 3, 103),
(914, 'storage', 2, 4, 2, 103),
(915, 'storage', 10, 3, 3, 103),
(916, 'living room', 5, 9, 3, 104),
(917, 'living room', 7, 8, 3, 104),
(918, 'bedroom', 7, 6, 2, 104),
(919, 'bedroom', 8, 3, 3, 104),
(920, 'bedroom', 9, 8, 2, 104),
(921, 'bedroom', 8, 7, 3, 104),
(922, 'bedroom', 2, 10, 3, 104),
(923, 'toilet', 5, 7, 2, 104),
(924, 'toilet', 10, 2, 2, 104),
(925, 'toilet', 10, 2, 3, 104),
(926, 'bathroom', 10, 9, 2, 104),
(927, 'bathroom', 2, 2, 2, 104),
(928, 'storage', 6, 9, 2, 104),
(929, 'storage', 6, 10, 3, 104),
(930, 'living room', 4, 6, 2, 105),
(931, 'living room', 7, 4, 3, 105),
(932, 'bedroom', 10, 5, 3, 105),
(933, 'bedroom', 4, 3, 3, 105),
(934, 'bedroom', 9, 4, 3, 105),
(935, 'toilet', 4, 10, 2, 105),
(936, 'toilet', 9, 4, 2, 105),
(937, 'bathroom', 10, 10, 2, 105),
(938, 'storage', 4, 5, 3, 105),
(939, 'living room', 4, 2, 3, 106),
(940, 'bedroom', 9, 7, 2, 106),
(941, 'bedroom', 2, 8, 3, 106),
(942, 'toilet', 9, 5, 2, 106),
(943, 'toilet', 5, 3, 3, 106),
(944, 'toilet', 9, 7, 2, 106),
(945, 'bathroom', 8, 2, 3, 106),
(946, 'storage', 7, 6, 2, 106),
(947, 'living room', 7, 5, 3, 107),
(948, 'living room', 2, 10, 2, 107),
(949, 'bedroom', 5, 8, 2, 107),
(950, 'bedroom', 3, 2, 2, 107),
(951, 'toilet', 7, 10, 3, 107),
(952, 'bathroom', 6, 9, 2, 107),
(953, 'bathroom', 10, 3, 2, 107),
(954, 'bathroom', 4, 2, 3, 107),
(955, 'storage', 5, 6, 2, 107),
(956, 'storage', 10, 7, 2, 107),
(957, 'living room', 3, 9, 3, 108),
(958, 'bedroom', 5, 5, 3, 108),
(959, 'toilet', 2, 9, 3, 108),
(960, 'toilet', 10, 3, 2, 108),
(961, 'toilet', 6, 5, 3, 108),
(962, 'bathroom', 3, 6, 2, 108),
(963, 'storage', 10, 4, 3, 108),
(964, 'storage', 6, 10, 2, 108),
(965, 'living room', 9, 9, 3, 109),
(966, 'bedroom', 10, 3, 3, 109),
(967, 'bedroom', 5, 5, 3, 109),
(968, 'bedroom', 10, 7, 3, 109),
(969, 'bedroom', 8, 10, 3, 109),
(970, 'bedroom', 3, 5, 3, 109),
(971, 'toilet', 5, 2, 3, 109),
(972, 'toilet', 8, 2, 2, 109),
(973, 'toilet', 6, 4, 3, 109),
(974, 'bathroom', 6, 4, 2, 109),
(975, 'bathroom', 7, 2, 2, 109),
(976, 'storage', 10, 2, 3, 109),
(977, 'storage', 5, 8, 3, 109),
(978, 'living room', 2, 5, 2, 110),
(979, 'living room', 8, 10, 2, 110),
(980, 'bedroom', 7, 2, 3, 110),
(981, 'bedroom', 10, 10, 2, 110),
(982, 'bedroom', 5, 8, 3, 110),
(983, 'toilet', 7, 10, 2, 110),
(984, 'toilet', 6, 7, 2, 110),
(985, 'bathroom', 4, 7, 3, 110),
(986, 'bathroom', 3, 10, 3, 110),
(987, 'storage', 10, 8, 2, 110),
(988, 'storage', 6, 3, 3, 110),
(989, 'living room', 9, 5, 3, 111),
(990, 'bedroom', 8, 2, 2, 111),
(991, 'bedroom', 5, 10, 2, 111),
(992, 'bedroom', 6, 2, 3, 111),
(993, 'bedroom', 6, 4, 3, 111),
(994, 'bedroom', 8, 7, 3, 111),
(995, 'toilet', 9, 5, 2, 111),
(996, 'toilet', 7, 8, 2, 111),
(997, 'toilet', 6, 8, 3, 111),
(998, 'bathroom', 6, 6, 2, 111),
(999, 'bathroom', 9, 7, 3, 111),
(1000, 'storage', 4, 5, 3, 111),
(1001, 'living room', 8, 2, 2, 112),
(1002, 'bedroom', 5, 3, 2, 112),
(1003, 'bedroom', 10, 2, 3, 112),
(1004, 'toilet', 6, 10, 3, 112),
(1005, 'toilet', 3, 9, 2, 112),
(1006, 'toilet', 3, 4, 2, 112),
(1007, 'bathroom', 2, 3, 2, 112),
(1008, 'bathroom', 4, 3, 2, 112),
(1009, 'storage', 3, 4, 3, 112),
(1010, 'living room', 9, 2, 2, 113),
(1011, 'living room', 2, 3, 3, 113),
(1012, 'bedroom', 2, 8, 2, 113),
(1013, 'toilet', 10, 7, 3, 113),
(1014, 'toilet', 7, 8, 3, 113),
(1015, 'bathroom', 2, 6, 2, 113),
(1016, 'bathroom', 9, 9, 2, 113),
(1017, 'bathroom', 2, 5, 2, 113),
(1018, 'storage', 3, 3, 3, 113),
(1019, 'storage', 8, 3, 3, 113),
(1020, 'living room', 10, 2, 3, 114),
(1021, 'bedroom', 7, 3, 2, 114),
(1022, 'bedroom', 6, 4, 2, 114),
(1023, 'toilet', 4, 5, 2, 114),
(1024, 'bathroom', 3, 6, 3, 114),
(1025, 'storage', 7, 10, 3, 114),
(1026, 'storage', 8, 6, 3, 114),
(1027, 'living room', 9, 10, 2, 115),
(1028, 'living room', 4, 8, 3, 115),
(1029, 'bedroom', 6, 4, 2, 115),
(1030, 'bedroom', 6, 10, 3, 115),
(1031, 'bedroom', 5, 3, 3, 115),
(1032, 'bedroom', 3, 4, 2, 115),
(1033, 'toilet', 5, 10, 2, 115),
(1034, 'bathroom', 5, 5, 2, 115),
(1035, 'bathroom', 8, 8, 3, 115),
(1036, 'bathroom', 7, 5, 2, 115),
(1037, 'storage', 6, 4, 3, 115),
(1038, 'storage', 4, 6, 2, 115),
(1039, 'living room', 10, 3, 3, 116),
(1040, 'living room', 3, 5, 2, 116),
(1041, 'bedroom', 5, 10, 3, 116),
(1042, 'bedroom', 9, 8, 3, 116),
(1043, 'bedroom', 5, 8, 2, 116),
(1044, 'bedroom', 10, 7, 2, 116),
(1045, 'toilet', 2, 10, 3, 116),
(1046, 'bathroom', 4, 7, 2, 116),
(1047, 'bathroom', 5, 3, 2, 116),
(1048, 'bathroom', 4, 10, 3, 116),
(1049, 'storage', 8, 2, 3, 116),
(1050, 'storage', 9, 4, 3, 116),
(1051, 'living room', 5, 8, 3, 117),
(1052, 'bedroom', 8, 7, 2, 117),
(1053, 'bedroom', 5, 8, 3, 117),
(1054, 'toilet', 8, 5, 3, 117),
(1055, 'bathroom', 8, 10, 2, 117),
(1056, 'bathroom', 6, 3, 2, 117),
(1057, 'bathroom', 4, 3, 2, 117),
(1058, 'storage', 5, 6, 2, 117),
(1059, 'storage', 7, 4, 2, 117),
(1060, 'living room', 3, 5, 3, 118),
(1061, 'living room', 10, 9, 2, 118),
(1062, 'bedroom', 4, 10, 2, 118),
(1063, 'bedroom', 9, 3, 3, 118),
(1064, 'bedroom', 6, 7, 2, 118),
(1065, 'bedroom', 4, 8, 2, 118),
(1066, 'bedroom', 5, 8, 2, 118),
(1067, 'toilet', 8, 4, 3, 118),
(1068, 'toilet', 10, 3, 2, 118),
(1069, 'toilet', 6, 5, 3, 118),
(1070, 'bathroom', 10, 9, 3, 118),
(1071, 'storage', 5, 6, 3, 118),
(1072, 'living room', 3, 8, 3, 119),
(1073, 'living room', 3, 10, 3, 119),
(1074, 'bedroom', 10, 3, 2, 119),
(1075, 'bedroom', 2, 3, 3, 119),
(1076, 'toilet', 3, 5, 2, 119),
(1077, 'bathroom', 6, 6, 2, 119),
(1078, 'bathroom', 8, 9, 2, 119),
(1079, 'bathroom', 4, 4, 2, 119),
(1080, 'storage', 5, 10, 2, 119),
(1081, 'storage', 6, 7, 3, 119),
(1082, 'living room', 10, 2, 3, 120),
(1083, 'living room', 8, 7, 2, 120),
(1084, 'bedroom', 3, 3, 3, 120),
(1085, 'bedroom', 10, 2, 3, 120),
(1086, 'bedroom', 9, 2, 3, 120),
(1087, 'bedroom', 10, 6, 3, 120),
(1088, 'toilet', 7, 2, 3, 120),
(1089, 'toilet', 3, 7, 3, 120),
(1090, 'toilet', 5, 4, 3, 120),
(1091, 'bathroom', 4, 5, 3, 120),
(1092, 'bathroom', 3, 8, 3, 120),
(1093, 'bathroom', 4, 3, 2, 120),
(1094, 'storage', 7, 8, 2, 120),
(1095, 'storage', 9, 8, 3, 120),
(1096, 'living room', 8, 9, 3, 121),
(1097, 'bedroom', 4, 8, 2, 121),
(1098, 'bedroom', 7, 5, 2, 121),
(1099, 'bedroom', 3, 9, 2, 121),
(1100, 'toilet', 10, 8, 2, 121),
(1101, 'toilet', 8, 7, 3, 121),
(1102, 'toilet', 6, 10, 3, 121),
(1103, 'bathroom', 7, 7, 3, 121),
(1104, 'storage', 3, 8, 3, 121),
(1105, 'living room', 2, 5, 3, 122),
(1106, 'living room', 9, 9, 2, 122),
(1107, 'bedroom', 8, 5, 2, 122),
(1108, 'bedroom', 4, 2, 3, 122),
(1109, 'bedroom', 6, 9, 2, 122),
(1110, 'bedroom', 10, 6, 2, 122),
(1111, 'toilet', 9, 7, 2, 122),
(1112, 'toilet', 7, 10, 2, 122),
(1113, 'toilet', 9, 4, 2, 122),
(1114, 'bathroom', 3, 5, 2, 122),
(1115, 'storage', 4, 8, 2, 122),
(1116, 'storage', 10, 7, 3, 122),
(1117, 'living room', 9, 6, 2, 123),
(1118, 'living room', 5, 9, 2, 123),
(1119, 'bedroom', 8, 9, 2, 123),
(1120, 'bedroom', 9, 8, 2, 123),
(1121, 'bedroom', 7, 6, 3, 123),
(1122, 'toilet', 5, 9, 2, 123),
(1123, 'bathroom', 2, 9, 2, 123),
(1124, 'bathroom', 10, 10, 3, 123),
(1125, 'bathroom', 5, 5, 2, 123),
(1126, 'storage', 5, 10, 2, 123),
(1127, 'storage', 6, 4, 3, 123),
(1128, 'living room', 10, 6, 2, 124),
(1129, 'bedroom', 6, 8, 2, 124),
(1130, 'bedroom', 7, 8, 2, 124),
(1131, 'bedroom', 8, 4, 3, 124),
(1132, 'bedroom', 5, 2, 3, 124),
(1133, 'toilet', 8, 6, 2, 124),
(1134, 'bathroom', 3, 4, 3, 124),
(1135, 'bathroom', 8, 9, 2, 124),
(1136, 'storage', 3, 7, 2, 124),
(1137, 'living room', 8, 6, 3, 125),
(1138, 'living room', 9, 9, 3, 125),
(1139, 'bedroom', 6, 2, 3, 125),
(1140, 'bedroom', 6, 4, 3, 125),
(1141, 'bedroom', 3, 7, 2, 125),
(1142, 'toilet', 2, 3, 2, 125),
(1143, 'bathroom', 9, 5, 2, 125),
(1144, 'bathroom', 6, 8, 3, 125),
(1145, 'storage', 6, 7, 3, 125),
(1146, 'storage', 8, 6, 3, 125),
(1147, 'living room', 3, 8, 2, 126),
(1148, 'living room', 6, 2, 3, 126),
(1149, 'bedroom', 5, 8, 3, 126),
(1150, 'toilet', 9, 3, 2, 126),
(1151, 'toilet', 7, 5, 2, 126),
(1152, 'toilet', 8, 10, 2, 126),
(1153, 'bathroom', 7, 2, 3, 126),
(1154, 'bathroom', 5, 2, 2, 126),
(1155, 'bathroom', 4, 5, 2, 126),
(1156, 'storage', 9, 7, 2, 126),
(1157, 'living room', 2, 2, 2, 127),
(1158, 'bedroom', 8, 6, 2, 127),
(1159, 'bedroom', 10, 6, 3, 127),
(1160, 'bedroom', 2, 4, 3, 127),
(1161, 'bedroom', 2, 3, 2, 127),
(1162, 'bedroom', 5, 4, 2, 127),
(1163, 'toilet', 4, 3, 3, 127),
(1164, 'toilet', 7, 3, 3, 127),
(1165, 'toilet', 4, 3, 3, 127),
(1166, 'bathroom', 2, 8, 3, 127),
(1167, 'storage', 7, 6, 2, 127),
(1168, 'storage', 9, 10, 2, 127),
(1169, 'living room', 6, 5, 3, 128),
(1170, 'living room', 2, 6, 3, 128),
(1171, 'bedroom', 9, 2, 2, 128),
(1172, 'bedroom', 2, 3, 3, 128),
(1173, 'bedroom', 2, 10, 3, 128),
(1174, 'toilet', 6, 7, 2, 128),
(1175, 'bathroom', 10, 6, 2, 128),
(1176, 'bathroom', 7, 5, 2, 128),
(1177, 'storage', 5, 3, 2, 128),
(1178, 'storage', 3, 5, 2, 128),
(1179, 'living room', 2, 6, 2, 129),
(1180, 'bedroom', 8, 6, 2, 129),
(1181, 'bedroom', 3, 7, 3, 129),
(1182, 'bedroom', 6, 10, 3, 129),
(1183, 'bedroom', 5, 5, 2, 129),
(1184, 'toilet', 6, 5, 2, 129),
(1185, 'toilet', 2, 9, 2, 129),
(1186, 'toilet', 7, 3, 3, 129),
(1187, 'bathroom', 2, 3, 2, 129),
(1188, 'bathroom', 4, 10, 2, 129),
(1189, 'bathroom', 7, 2, 2, 129),
(1190, 'storage', 3, 2, 3, 129),
(1191, 'living room', 6, 2, 2, 130),
(1192, 'living room', 10, 3, 3, 130),
(1193, 'bedroom', 6, 10, 3, 130),
(1194, 'bedroom', 4, 5, 3, 130),
(1195, 'bedroom', 8, 10, 2, 130),
(1196, 'bedroom', 9, 2, 2, 130),
(1197, 'bedroom', 2, 10, 3, 130),
(1198, 'toilet', 3, 6, 2, 130),
(1199, 'toilet', 8, 2, 2, 130),
(1200, 'bathroom', 7, 10, 2, 130),
(1201, 'bathroom', 9, 9, 3, 130),
(1202, 'storage', 10, 4, 3, 130),
(1203, 'living room', 2, 8, 2, 131),
(1204, 'bedroom', 4, 6, 3, 131),
(1205, 'bedroom', 5, 10, 2, 131),
(1206, 'bedroom', 3, 3, 3, 131),
(1207, 'bedroom', 3, 4, 3, 131),
(1208, 'toilet', 7, 5, 3, 131),
(1209, 'toilet', 6, 7, 2, 131),
(1210, 'bathroom', 7, 4, 3, 131),
(1211, 'bathroom', 9, 10, 2, 131),
(1212, 'bathroom', 7, 7, 2, 131),
(1213, 'storage', 4, 2, 2, 131),
(1214, 'living room', 7, 10, 2, 132),
(1215, 'bedroom', 4, 4, 2, 132),
(1216, 'toilet', 3, 9, 3, 132),
(1217, 'toilet', 6, 7, 2, 132),
(1218, 'bathroom', 8, 10, 2, 132),
(1219, 'bathroom', 6, 10, 2, 132),
(1220, 'storage', 6, 9, 2, 132),
(1221, 'living room', 8, 6, 3, 133),
(1222, 'bedroom', 3, 8, 3, 133),
(1223, 'bedroom', 3, 5, 2, 133),
(1224, 'bedroom', 9, 8, 2, 133),
(1225, 'bedroom', 9, 9, 2, 133),
(1226, 'bedroom', 10, 8, 3, 133),
(1227, 'toilet', 6, 6, 3, 133),
(1228, 'bathroom', 5, 5, 2, 133),
(1229, 'bathroom', 10, 4, 2, 133),
(1230, 'bathroom', 2, 4, 3, 133),
(1231, 'storage', 9, 7, 3, 133),
(1232, 'living room', 6, 3, 3, 134),
(1233, 'bedroom', 10, 4, 3, 134),
(1234, 'bedroom', 8, 3, 3, 134),
(1235, 'toilet', 6, 3, 2, 134),
(1236, 'toilet', 8, 6, 3, 134),
(1237, 'toilet', 8, 7, 2, 134),
(1238, 'bathroom', 7, 7, 2, 134),
(1239, 'storage', 5, 4, 3, 134),
(1240, 'storage', 5, 3, 2, 134),
(1241, 'living room', 6, 8, 3, 135),
(1242, 'living room', 4, 4, 3, 135),
(1243, 'bedroom', 10, 4, 2, 135),
(1244, 'bedroom', 6, 6, 2, 135),
(1245, 'toilet', 9, 7, 3, 135),
(1246, 'toilet', 7, 6, 3, 135),
(1247, 'bathroom', 2, 10, 3, 135),
(1248, 'bathroom', 4, 2, 3, 135),
(1249, 'storage', 3, 10, 2, 135),
(1250, 'living room', 8, 6, 2, 136),
(1251, 'bedroom', 4, 9, 3, 136),
(1252, 'bedroom', 7, 4, 2, 136),
(1253, 'bedroom', 10, 10, 2, 136),
(1254, 'bedroom', 4, 4, 2, 136),
(1255, 'bedroom', 2, 10, 3, 136),
(1256, 'toilet', 3, 7, 3, 136),
(1257, 'bathroom', 2, 3, 3, 136),
(1258, 'bathroom', 6, 9, 3, 136),
(1259, 'storage', 3, 7, 3, 136),
(1260, 'living room', 8, 7, 3, 137),
(1261, 'living room', 9, 2, 2, 137),
(1262, 'bedroom', 5, 4, 2, 137),
(1263, 'bedroom', 3, 4, 2, 137),
(1264, 'toilet', 10, 4, 3, 137),
(1265, 'toilet', 4, 7, 2, 137),
(1266, 'toilet', 10, 5, 3, 137),
(1267, 'bathroom', 10, 4, 3, 137),
(1268, 'storage', 3, 9, 3, 137),
(1269, 'living room', 8, 9, 2, 138),
(1270, 'bedroom', 5, 5, 3, 138),
(1271, 'bedroom', 6, 2, 2, 138),
(1272, 'bedroom', 9, 3, 3, 138),
(1273, 'bedroom', 8, 5, 3, 138),
(1274, 'toilet', 7, 8, 3, 138),
(1275, 'toilet', 7, 9, 2, 138),
(1276, 'bathroom', 5, 7, 3, 138),
(1277, 'bathroom', 10, 10, 3, 138),
(1278, 'storage', 2, 5, 2, 138),
(1279, 'living room', 3, 3, 2, 139),
(1280, 'living room', 2, 6, 3, 139),
(1281, 'bedroom', 8, 2, 3, 139),
(1282, 'bedroom', 5, 9, 2, 139),
(1283, 'toilet', 5, 9, 3, 139),
(1284, 'bathroom', 10, 6, 2, 139),
(1285, 'bathroom', 9, 3, 2, 139),
(1286, 'bathroom', 4, 7, 2, 139),
(1287, 'storage', 3, 3, 2, 139),
(1288, 'living room', 7, 10, 2, 140),
(1289, 'living room', 7, 9, 2, 140),
(1290, 'bedroom', 5, 9, 2, 140),
(1291, 'bedroom', 5, 8, 2, 140),
(1292, 'bedroom', 8, 10, 2, 140),
(1293, 'bedroom', 2, 7, 3, 140),
(1294, 'bedroom', 3, 10, 3, 140),
(1295, 'toilet', 8, 2, 3, 140),
(1296, 'toilet', 2, 9, 2, 140),
(1297, 'toilet', 5, 3, 3, 140),
(1298, 'bathroom', 5, 10, 3, 140),
(1299, 'bathroom', 5, 7, 3, 140),
(1300, 'bathroom', 2, 2, 3, 140),
(1301, 'storage', 10, 3, 2, 140),
(1302, 'storage', 9, 4, 3, 140),
(1303, 'living room', 4, 9, 2, 141),
(1304, 'bedroom', 3, 6, 2, 141),
(1305, 'bedroom', 7, 7, 3, 141),
(1306, 'bedroom', 8, 7, 3, 141),
(1307, 'toilet', 7, 7, 2, 141),
(1308, 'toilet', 5, 10, 2, 141),
(1309, 'toilet', 5, 6, 2, 141),
(1310, 'bathroom', 4, 4, 3, 141),
(1311, 'bathroom', 7, 4, 3, 141),
(1312, 'bathroom', 9, 2, 2, 141),
(1313, 'storage', 3, 4, 2, 141),
(1314, 'storage', 10, 4, 3, 141),
(1315, 'living room', 10, 5, 2, 142),
(1316, 'living room', 6, 4, 3, 142),
(1317, 'bedroom', 5, 5, 3, 142),
(1318, 'bedroom', 2, 6, 3, 142),
(1319, 'bedroom', 5, 7, 3, 142),
(1320, 'bedroom', 2, 6, 3, 142),
(1321, 'toilet', 2, 9, 2, 142),
(1322, 'toilet', 10, 10, 2, 142),
(1323, 'bathroom', 5, 9, 3, 142),
(1324, 'storage', 7, 8, 3, 142),
(1325, 'living room', 7, 9, 3, 143),
(1326, 'living room', 9, 4, 2, 143),
(1327, 'bedroom', 8, 2, 3, 143),
(1328, 'bedroom', 2, 8, 3, 143),
(1329, 'toilet', 9, 6, 2, 143),
(1330, 'toilet', 5, 6, 3, 143),
(1331, 'toilet', 3, 10, 2, 143),
(1332, 'bathroom', 6, 7, 3, 143),
(1333, 'storage', 6, 10, 3, 143),
(1334, 'living room', 7, 3, 3, 144),
(1335, 'bedroom', 4, 5, 2, 144),
(1336, 'toilet', 8, 10, 2, 144),
(1337, 'bathroom', 7, 5, 3, 144),
(1338, 'bathroom', 3, 7, 3, 144),
(1339, 'storage', 9, 10, 2, 144),
(1340, 'living room', 4, 10, 2, 145),
(1341, 'living room', 4, 5, 3, 145),
(1342, 'bedroom', 9, 10, 2, 145),
(1343, 'toilet', 6, 9, 2, 145),
(1344, 'toilet', 3, 5, 3, 145),
(1345, 'toilet', 9, 5, 3, 145),
(1346, 'bathroom', 8, 10, 3, 145),
(1347, 'storage', 8, 10, 2, 145),
(1348, 'living room', 5, 10, 3, 146),
(1349, 'living room', 9, 6, 3, 146),
(1350, 'bedroom', 10, 6, 3, 146),
(1351, 'bedroom', 4, 4, 2, 146),
(1352, 'bedroom', 2, 9, 3, 146),
(1353, 'bedroom', 7, 8, 2, 146),
(1354, 'bedroom', 9, 3, 3, 146),
(1355, 'toilet', 9, 2, 2, 146),
(1356, 'toilet', 6, 7, 3, 146),
(1357, 'bathroom', 9, 10, 3, 146),
(1358, 'storage', 6, 10, 3, 146),
(1359, 'living room', 5, 8, 3, 147),
(1360, 'living room', 8, 5, 3, 147),
(1361, 'bedroom', 5, 7, 2, 147),
(1362, 'bedroom', 8, 4, 3, 147),
(1363, 'toilet', 5, 8, 2, 147),
(1364, 'bathroom', 6, 9, 3, 147),
(1365, 'storage', 9, 5, 3, 147),
(1366, 'storage', 5, 10, 2, 147),
(1367, 'living room', 10, 5, 3, 148),
(1368, 'bedroom', 6, 6, 3, 148),
(1369, 'bedroom', 10, 10, 3, 148),
(1370, 'bedroom', 6, 10, 3, 148),
(1371, 'bedroom', 8, 4, 2, 148),
(1372, 'toilet', 5, 3, 3, 148),
(1373, 'toilet', 10, 2, 3, 148),
(1374, 'toilet', 9, 2, 3, 148),
(1375, 'bathroom', 7, 6, 2, 148),
(1376, 'bathroom', 4, 10, 3, 148),
(1377, 'bathroom', 2, 6, 2, 148),
(1378, 'storage', 7, 7, 2, 148),
(1379, 'storage', 4, 5, 3, 148),
(1380, 'living room', 2, 7, 2, 149),
(1381, 'living room', 3, 5, 3, 149),
(1382, 'bedroom', 7, 5, 3, 149),
(1383, 'bedroom', 6, 10, 2, 149),
(1384, 'toilet', 4, 7, 2, 149),
(1385, 'bathroom', 5, 5, 2, 149),
(1386, 'bathroom', 6, 8, 2, 149),
(1387, 'storage', 6, 8, 3, 149),
(1388, 'living room', 10, 3, 2, 150),
(1389, 'bedroom', 5, 2, 2, 150),
(1390, 'bedroom', 5, 3, 2, 150),
(1391, 'toilet', 5, 8, 2, 150),
(1392, 'toilet', 9, 10, 2, 150),
(1393, 'toilet', 6, 2, 2, 150),
(1394, 'bathroom', 10, 2, 3, 150),
(1395, 'storage', 7, 2, 3, 150),
(1396, 'storage', 7, 6, 2, 150),
(1397, 'living room', 9, 7, 3, 151),
(1398, 'bedroom', 6, 10, 2, 151),
(1399, 'bedroom', 4, 4, 2, 151),
(1400, 'bedroom', 5, 10, 2, 151),
(1401, 'toilet', 8, 4, 3, 151),
(1402, 'toilet', 2, 8, 2, 151),
(1403, 'bathroom', 5, 6, 3, 151),
(1404, 'bathroom', 5, 5, 3, 151),
(1405, 'bathroom', 9, 4, 2, 151),
(1406, 'storage', 7, 8, 3, 151),
(1407, 'living room', 5, 6, 3, 152),
(1408, 'living room', 5, 2, 3, 152),
(1409, 'bedroom', 8, 10, 2, 152),
(1410, 'bedroom', 6, 3, 3, 152),
(1411, 'bedroom', 3, 6, 3, 152),
(1412, 'bedroom', 9, 7, 2, 152),
(1413, 'toilet', 5, 10, 2, 152),
(1414, 'toilet', 8, 8, 3, 152),
(1415, 'bathroom', 7, 9, 2, 152),
(1416, 'bathroom', 6, 7, 3, 152),
(1417, 'bathroom', 3, 7, 3, 152),
(1418, 'storage', 2, 3, 3, 152),
(1419, 'living room', 3, 7, 2, 153),
(1420, 'bedroom', 9, 6, 3, 153),
(1421, 'bedroom', 6, 2, 3, 153),
(1422, 'toilet', 3, 6, 2, 153),
(1423, 'toilet', 9, 5, 2, 153),
(1424, 'bathroom', 9, 9, 2, 153),
(1425, 'storage', 6, 7, 2, 153),
(1426, 'storage', 4, 8, 3, 153),
(1427, 'living room', 7, 7, 3, 154),
(1428, 'bedroom', 3, 2, 3, 154),
(1429, 'bedroom', 9, 6, 2, 154),
(1430, 'bedroom', 7, 2, 3, 154),
(1431, 'toilet', 4, 6, 2, 154),
(1432, 'toilet', 10, 7, 2, 154),
(1433, 'toilet', 4, 7, 2, 154),
(1434, 'bathroom', 7, 2, 3, 154),
(1435, 'bathroom', 8, 7, 2, 154),
(1436, 'bathroom', 4, 7, 2, 154),
(1437, 'storage', 7, 4, 2, 154),
(1438, 'storage', 9, 3, 3, 154),
(1439, 'living room', 6, 2, 3, 155),
(1440, 'bedroom', 6, 10, 2, 155),
(1441, 'bedroom', 2, 9, 2, 155),
(1442, 'bedroom', 6, 5, 3, 155),
(1443, 'bedroom', 3, 6, 2, 155),
(1444, 'bedroom', 9, 7, 2, 155),
(1445, 'toilet', 7, 4, 3, 155),
(1446, 'toilet', 9, 2, 3, 155),
(1447, 'bathroom', 6, 2, 2, 155),
(1448, 'storage', 10, 8, 2, 155),
(1449, 'living room', 7, 4, 3, 156),
(1450, 'living room', 8, 10, 2, 156),
(1451, 'bedroom', 4, 3, 2, 156),
(1452, 'bedroom', 10, 2, 2, 156),
(1453, 'bedroom', 5, 8, 3, 156),
(1454, 'toilet', 8, 5, 3, 156),
(1455, 'toilet', 2, 3, 3, 156),
(1456, 'toilet', 10, 7, 2, 156),
(1457, 'bathroom', 3, 7, 3, 156),
(1458, 'storage', 9, 3, 2, 156),
(1459, 'storage', 8, 8, 3, 156),
(1460, 'living room', 3, 2, 3, 157),
(1461, 'bedroom', 4, 8, 3, 157),
(1462, 'bedroom', 8, 4, 2, 157),
(1463, 'bedroom', 6, 2, 3, 157),
(1464, 'bedroom', 7, 9, 3, 157),
(1465, 'toilet', 6, 3, 3, 157),
(1466, 'toilet', 6, 9, 3, 157),
(1467, 'toilet', 7, 4, 2, 157),
(1468, 'bathroom', 7, 5, 3, 157),
(1469, 'bathroom', 5, 9, 3, 157),
(1470, 'bathroom', 10, 5, 3, 157),
(1471, 'storage', 6, 3, 3, 157),
(1472, 'living room', 5, 2, 2, 158),
(1473, 'bedroom', 6, 9, 3, 158),
(1474, 'toilet', 2, 7, 3, 158),
(1475, 'toilet', 7, 7, 2, 158),
(1476, 'bathroom', 10, 6, 2, 158),
(1477, 'storage', 9, 4, 3, 158),
(1478, 'storage', 6, 8, 2, 158),
(1479, 'living room', 5, 7, 2, 159),
(1480, 'bedroom', 9, 4, 3, 159),
(1481, 'bedroom', 6, 8, 3, 159),
(1482, 'bedroom', 4, 6, 3, 159),
(1483, 'toilet', 6, 4, 3, 159),
(1484, 'toilet', 9, 6, 2, 159),
(1485, 'bathroom', 9, 7, 3, 159),
(1486, 'storage', 8, 3, 3, 159),
(1487, 'living room', 6, 5, 3, 160),
(1488, 'living room', 8, 5, 2, 160),
(1489, 'bedroom', 5, 9, 3, 160),
(1490, 'toilet', 5, 5, 2, 160),
(1491, 'bathroom', 7, 7, 2, 160),
(1492, 'storage', 7, 10, 2, 160),
(1493, 'storage', 7, 7, 3, 160),
(1494, 'living room', 7, 7, 2, 161),
(1495, 'living room', 5, 8, 2, 161),
(1496, 'bedroom', 6, 4, 3, 161),
(1497, 'toilet', 5, 10, 2, 161),
(1498, 'bathroom', 6, 8, 2, 161),
(1499, 'bathroom', 6, 7, 2, 161),
(1500, 'storage', 7, 4, 2, 161),
(1501, 'storage', 6, 8, 2, 161),
(1502, 'living room', 6, 8, 2, 162),
(1503, 'living room', 2, 9, 2, 162),
(1504, 'bedroom', 10, 5, 3, 162),
(1505, 'toilet', 4, 3, 2, 162),
(1506, 'toilet', 8, 9, 2, 162),
(1507, 'bathroom', 10, 6, 3, 162),
(1508, 'bathroom', 9, 10, 2, 162),
(1509, 'bathroom', 3, 2, 2, 162),
(1510, 'storage', 5, 2, 3, 162),
(1511, 'storage', 8, 8, 2, 162),
(1512, 'living room', 6, 4, 2, 163),
(1513, 'bedroom', 3, 8, 2, 163),
(1514, 'bedroom', 2, 9, 3, 163),
(1515, 'bedroom', 4, 8, 2, 163),
(1516, 'bedroom', 3, 6, 2, 163),
(1517, 'bedroom', 8, 5, 3, 163),
(1518, 'toilet', 10, 4, 3, 163),
(1519, 'bathroom', 3, 4, 3, 163),
(1520, 'storage', 7, 5, 2, 163),
(1521, 'storage', 4, 5, 3, 163),
(1522, 'living room', 7, 7, 3, 164),
(1523, 'living room', 7, 5, 3, 164),
(1524, 'bedroom', 9, 5, 2, 164),
(1525, 'bedroom', 2, 5, 3, 164),
(1526, 'bedroom', 7, 3, 2, 164),
(1527, 'bedroom', 7, 6, 2, 164),
(1528, 'bedroom', 10, 6, 3, 164),
(1529, 'toilet', 8, 7, 3, 164),
(1530, 'toilet', 7, 10, 3, 164),
(1531, 'toilet', 10, 5, 2, 164),
(1532, 'bathroom', 7, 7, 3, 164),
(1533, 'bathroom', 5, 10, 2, 164),
(1534, 'bathroom', 3, 4, 3, 164),
(1535, 'storage', 7, 8, 3, 164),
(1536, 'living room', 9, 7, 2, 165),
(1537, 'bedroom', 8, 7, 2, 165),
(1538, 'bedroom', 7, 2, 2, 165),
(1539, 'bedroom', 10, 4, 3, 165),
(1540, 'toilet', 10, 4, 3, 165),
(1541, 'bathroom', 5, 2, 3, 165),
(1542, 'bathroom', 6, 9, 2, 165),
(1543, 'bathroom', 7, 5, 3, 165),
(1544, 'storage', 10, 9, 2, 165),
(1545, 'storage', 3, 2, 2, 165),
(1546, 'living room', 10, 6, 3, 166),
(1547, 'bedroom', 10, 10, 3, 166),
(1548, 'bedroom', 10, 5, 2, 166),
(1549, 'toilet', 8, 2, 3, 166),
(1550, 'toilet', 8, 6, 2, 166),
(1551, 'toilet', 6, 7, 2, 166),
(1552, 'bathroom', 10, 2, 2, 166),
(1553, 'bathroom', 8, 9, 3, 166),
(1554, 'bathroom', 2, 6, 3, 166),
(1555, 'storage', 4, 3, 3, 166),
(1556, 'storage', 8, 6, 3, 166),
(1557, 'living room', 6, 2, 3, 167),
(1558, 'living room', 7, 2, 2, 167),
(1559, 'bedroom', 5, 7, 3, 167),
(1560, 'bedroom', 5, 4, 2, 167),
(1561, 'toilet', 9, 6, 3, 167),
(1562, 'toilet', 5, 9, 2, 167),
(1563, 'toilet', 3, 2, 3, 167),
(1564, 'bathroom', 10, 8, 2, 167),
(1565, 'storage', 10, 8, 3, 167),
(1566, 'living room', 4, 8, 3, 168),
(1567, 'living room', 10, 3, 2, 168),
(1568, 'bedroom', 8, 6, 2, 168),
(1569, 'bedroom', 4, 6, 2, 168),
(1570, 'bedroom', 6, 9, 3, 168),
(1571, 'bedroom', 6, 10, 3, 168),
(1572, 'bedroom', 2, 6, 3, 168),
(1573, 'toilet', 2, 9, 2, 168),
(1574, 'bathroom', 8, 2, 2, 168),
(1575, 'storage', 10, 5, 2, 168),
(1576, 'toilet', 2, 2, 2, 171),
(1577, 'toilet', 3, 3, 2, 171),
(1584, 'living room', 10, 10, 10, 23),
(1585, 'bedroom', 10, 10, 10, 23);

-- --------------------------------------------------------

--
-- Struttura della tabella `users`
--

CREATE TABLE `users` (
  `username` varchar(128) NOT NULL,
  `password` varchar(128) NOT NULL,
  `admin` bit(1) NOT NULL
) ENGINE=InnoDB DEFAULT CHARSET=utf8mb4;

--
-- Dump dei dati per la tabella `users`
--

INSERT INTO `users` (`username`, `password`, `admin`) VALUES
('admin', '$2y$10$Vardw4w0XYeVMDvZIpDxAubyQuP5.PF4XZWa6yXC8cJr7QHEtOMxq', b'1'),
('seba', '$2y$10$Vardw4w0XYeVMDvZIpDxAubyQuP5.PF4XZWa6yXC8cJr7QHEtOMxq', b'0'),
('user0', '$2y$10$Vardw4w0XYeVMDvZIpDxAubyQuP5.PF4XZWa6yXC8cJr7QHEtOMxq', b'0'),
('user1', '$2y$10$Vardw4w0XYeVMDvZIpDxAubyQuP5.PF4XZWa6yXC8cJr7QHEtOMxq', b'0'),
('user10', '$2y$10$Vardw4w0XYeVMDvZIpDxAubyQuP5.PF4XZWa6yXC8cJr7QHEtOMxq', b'0'),
('user11', '$2y$10$Vardw4w0XYeVMDvZIpDxAubyQuP5.PF4XZWa6yXC8cJr7QHEtOMxq', b'0'),
('user12', '$2y$10$Vardw4w0XYeVMDvZIpDxAubyQuP5.PF4XZWa6yXC8cJr7QHEtOMxq', b'0'),
('user13', '$2y$10$Vardw4w0XYeVMDvZIpDxAubyQuP5.PF4XZWa6yXC8cJr7QHEtOMxq', b'0'),
('user14', '$2y$10$Vardw4w0XYeVMDvZIpDxAubyQuP5.PF4XZWa6yXC8cJr7QHEtOMxq', b'0'),
('user15', '$2y$10$Vardw4w0XYeVMDvZIpDxAubyQuP5.PF4XZWa6yXC8cJr7QHEtOMxq', b'0'),
('user16', '$2y$10$Vardw4w0XYeVMDvZIpDxAubyQuP5.PF4XZWa6yXC8cJr7QHEtOMxq', b'0'),
('user17', '$2y$10$Vardw4w0XYeVMDvZIpDxAubyQuP5.PF4XZWa6yXC8cJr7QHEtOMxq', b'0'),
('user18', '$2y$10$Vardw4w0XYeVMDvZIpDxAubyQuP5.PF4XZWa6yXC8cJr7QHEtOMxq', b'0'),
('user19', '$2y$10$Vardw4w0XYeVMDvZIpDxAubyQuP5.PF4XZWa6yXC8cJr7QHEtOMxq', b'0'),
('user2', '$2y$10$Vardw4w0XYeVMDvZIpDxAubyQuP5.PF4XZWa6yXC8cJr7QHEtOMxq', b'0'),
('user20', '$2y$10$Vardw4w0XYeVMDvZIpDxAubyQuP5.PF4XZWa6yXC8cJr7QHEtOMxq', b'0'),
('user21', '$2y$10$Vardw4w0XYeVMDvZIpDxAubyQuP5.PF4XZWa6yXC8cJr7QHEtOMxq', b'0'),
('user22', '$2y$10$Vardw4w0XYeVMDvZIpDxAubyQuP5.PF4XZWa6yXC8cJr7QHEtOMxq', b'0'),
('user23', '$2y$10$Vardw4w0XYeVMDvZIpDxAubyQuP5.PF4XZWa6yXC8cJr7QHEtOMxq', b'0'),
('user24', '$2y$10$Vardw4w0XYeVMDvZIpDxAubyQuP5.PF4XZWa6yXC8cJr7QHEtOMxq', b'0'),
('user25', '$2y$10$Vardw4w0XYeVMDvZIpDxAubyQuP5.PF4XZWa6yXC8cJr7QHEtOMxq', b'0'),
('user26', '$2y$10$Vardw4w0XYeVMDvZIpDxAubyQuP5.PF4XZWa6yXC8cJr7QHEtOMxq', b'0'),
('user27', '$2y$10$Vardw4w0XYeVMDvZIpDxAubyQuP5.PF4XZWa6yXC8cJr7QHEtOMxq', b'0'),
('user28', '$2y$10$Vardw4w0XYeVMDvZIpDxAubyQuP5.PF4XZWa6yXC8cJr7QHEtOMxq', b'0'),
('user29', '$2y$10$Vardw4w0XYeVMDvZIpDxAubyQuP5.PF4XZWa6yXC8cJr7QHEtOMxq', b'0'),
('user3', '$2y$10$Vardw4w0XYeVMDvZIpDxAubyQuP5.PF4XZWa6yXC8cJr7QHEtOMxq', b'0'),
('user30', '$2y$10$Vardw4w0XYeVMDvZIpDxAubyQuP5.PF4XZWa6yXC8cJr7QHEtOMxq', b'0'),
('user31', '$2y$10$Vardw4w0XYeVMDvZIpDxAubyQuP5.PF4XZWa6yXC8cJr7QHEtOMxq', b'0'),
('user32', '$2y$10$Vardw4w0XYeVMDvZIpDxAubyQuP5.PF4XZWa6yXC8cJr7QHEtOMxq', b'0'),
('user33', '$2y$10$Vardw4w0XYeVMDvZIpDxAubyQuP5.PF4XZWa6yXC8cJr7QHEtOMxq', b'0'),
('user34', '$2y$10$Vardw4w0XYeVMDvZIpDxAubyQuP5.PF4XZWa6yXC8cJr7QHEtOMxq', b'0'),
('user35', '$2y$10$Vardw4w0XYeVMDvZIpDxAubyQuP5.PF4XZWa6yXC8cJr7QHEtOMxq', b'0'),
('user36', '$2y$10$Vardw4w0XYeVMDvZIpDxAubyQuP5.PF4XZWa6yXC8cJr7QHEtOMxq', b'0'),
('user37', '$2y$10$Vardw4w0XYeVMDvZIpDxAubyQuP5.PF4XZWa6yXC8cJr7QHEtOMxq', b'0'),
('user38', '$2y$10$Vardw4w0XYeVMDvZIpDxAubyQuP5.PF4XZWa6yXC8cJr7QHEtOMxq', b'0'),
('user39', '$2y$10$Vardw4w0XYeVMDvZIpDxAubyQuP5.PF4XZWa6yXC8cJr7QHEtOMxq', b'0'),
('user4', '$2y$10$Vardw4w0XYeVMDvZIpDxAubyQuP5.PF4XZWa6yXC8cJr7QHEtOMxq', b'0'),
('user40', '$2y$10$Vardw4w0XYeVMDvZIpDxAubyQuP5.PF4XZWa6yXC8cJr7QHEtOMxq', b'0'),
('user41', '$2y$10$Vardw4w0XYeVMDvZIpDxAubyQuP5.PF4XZWa6yXC8cJr7QHEtOMxq', b'0'),
('user42', '$2y$10$Vardw4w0XYeVMDvZIpDxAubyQuP5.PF4XZWa6yXC8cJr7QHEtOMxq', b'0'),
('user43', '$2y$10$Vardw4w0XYeVMDvZIpDxAubyQuP5.PF4XZWa6yXC8cJr7QHEtOMxq', b'0'),
('user44', '$2y$10$Vardw4w0XYeVMDvZIpDxAubyQuP5.PF4XZWa6yXC8cJr7QHEtOMxq', b'0'),
('user45', '$2y$10$Vardw4w0XYeVMDvZIpDxAubyQuP5.PF4XZWa6yXC8cJr7QHEtOMxq', b'0'),
('user46', '$2y$10$Vardw4w0XYeVMDvZIpDxAubyQuP5.PF4XZWa6yXC8cJr7QHEtOMxq', b'0'),
('user47', '$2y$10$Vardw4w0XYeVMDvZIpDxAubyQuP5.PF4XZWa6yXC8cJr7QHEtOMxq', b'0'),
('user48', '$2y$10$Vardw4w0XYeVMDvZIpDxAubyQuP5.PF4XZWa6yXC8cJr7QHEtOMxq', b'0'),
('user5', '$2y$10$Vardw4w0XYeVMDvZIpDxAubyQuP5.PF4XZWa6yXC8cJr7QHEtOMxq', b'0'),
('user6', '$2y$10$Vardw4w0XYeVMDvZIpDxAubyQuP5.PF4XZWa6yXC8cJr7QHEtOMxq', b'0'),
('user7', '$2y$10$Vardw4w0XYeVMDvZIpDxAubyQuP5.PF4XZWa6yXC8cJr7QHEtOMxq', b'0'),
('user8', '$2y$10$Vardw4w0XYeVMDvZIpDxAubyQuP5.PF4XZWa6yXC8cJr7QHEtOMxq', b'0'),
('user9', '$2y$10$Vardw4w0XYeVMDvZIpDxAubyQuP5.PF4XZWa6yXC8cJr7QHEtOMxq', b'0');

--
-- Indici per le tabelle scaricate
--

--
-- Indici per le tabelle `houses`
--
ALTER TABLE `houses`
  ADD PRIMARY KEY (`id`),
  ADD KEY `user` (`user`);

--
-- Indici per le tabelle `rooms`
--
ALTER TABLE `rooms`
  ADD PRIMARY KEY (`id`),
  ADD KEY `id_house` (`id_house`);

--
-- Indici per le tabelle `users`
--
ALTER TABLE `users`
  ADD PRIMARY KEY (`username`);

--
-- AUTO_INCREMENT per le tabelle scaricate
--

--
-- AUTO_INCREMENT per la tabella `houses`
--
ALTER TABLE `houses`
  MODIFY `id` int(64) NOT NULL AUTO_INCREMENT, AUTO_INCREMENT=172;

--
-- AUTO_INCREMENT per la tabella `rooms`
--
ALTER TABLE `rooms`
  MODIFY `id` int(64) NOT NULL AUTO_INCREMENT, AUTO_INCREMENT=1586;

--
-- Limiti per le tabelle scaricate
--

--
-- Limiti per la tabella `houses`
--
ALTER TABLE `houses`
  ADD CONSTRAINT `houses_ibfk_1` FOREIGN KEY (`user`) REFERENCES `users` (`username`);

--
-- Limiti per la tabella `rooms`
--
ALTER TABLE `rooms`
  ADD CONSTRAINT `rooms_ibfk_1` FOREIGN KEY (`id_house`) REFERENCES `houses` (`id`) ON DELETE CASCADE;
COMMIT;

/*!40101 SET CHARACTER_SET_CLIENT=@OLD_CHARACTER_SET_CLIENT */;
/*!40101 SET CHARACTER_SET_RESULTS=@OLD_CHARACTER_SET_RESULTS */;
/*!40101 SET COLLATION_CONNECTION=@OLD_COLLATION_CONNECTION */;
