-- phpMyAdmin SQL Dump
-- version 5.0.1
-- https://www.phpmyadmin.net/
--
-- Host: 127.0.0.1
-- Creato il: Dic 12, 2020 alle 10:07
-- Versione del server: 10.4.11-MariaDB
-- Versione PHP: 7.4.12

SET SQL_MODE = "NO_AUTO_VALUE_ON_ZERO";
SET AUTOCOMMIT = 0;
START TRANSACTION;
SET time_zone = "+00:00";


/*!40101 SET @OLD_CHARACTER_SET_CLIENT=@@CHARACTER_SET_CLIENT */;
/*!40101 SET @OLD_CHARACTER_SET_RESULTS=@@CHARACTER_SET_RESULTS */;
/*!40101 SET @OLD_COLLATION_CONNECTION=@@COLLATION_CONNECTION */;
/*!40101 SET NAMES utf8mb4 */;

--
-- Database: `dtt_house_manager`
--

-- --------------------------------------------------------

--
-- Struttura della tabella `houses`
--

CREATE TABLE `houses` (
  `id` int(64) NOT NULL,
  `street` varchar(128) NOT NULL,
  `number` int(32) NOT NULL,
  `addition` varchar(64) DEFAULT NULL,
  `zipcode` varchar(32) NOT NULL,
  `city` varchar(64) NOT NULL,
  `user` varchar(128) NOT NULL
) ENGINE=InnoDB DEFAULT CHARSET=utf8mb4;

--
-- Dump dei dati per la tabella `houses`
--

INSERT INTO `houses` (`id`, `street`, `number`, `addition`, `zipcode`, `city`, `user`) VALUES
(1, 'Via case', 65, NULL, '32322', 'Roma', 'seba'),
(3, 'Via al Castellaccio', 101, NULL, '16136', 'Genova', 'seba'),
(5, 'Via al Castellaccio', 101, NULL, '16136', 'Genova', 'seba'),
(13, 'Via Carbonaccia', 65, NULL, '32322', 'Roma', 'seba'),
(14, 'Corso Firenze', 21, NULL, '15134', 'Genoa', 'user0'),
(15, 'Via Roma', 45, NULL, '13233', 'Torino', 'user1'),
(16, '', 21, NULL, '15134 A', 'Amsterdam', 'user2'),
(17, 'Aldinghofer Stra?e', 32, NULL, '34323 B', 'Dortumund', 'user3'),
(18, 'Berndorffstr.', 45, NULL, '13486 A', 'Cologne', 'user4'),
(19, 'Via Nomentana', 92, NULL, '12467', 'Rome', 'user5'),
(20, 'Via Vandalino', 120, 'Garage Conversion', '24645', 'Turin', 'user6'),
(21, 'Ankerkade', 80, NULL, '34534 A', 'Maastricht', 'user7'),
(22, 'Warmoesstraat', 3, 'Conventional House Addition', '24354 C', 'Amsterdam', 'user8'),
(23, 'Via Callimano', 21, NULL, '23443 A', 'Venice', 'user9'),
(24, 'Via Ketama126', 68, NULL, '32434', 'Bologna', 'user10'),
(25, 'Ballindamm', 21, NULL, '12356', 'Hamburg', 'user11'),
(26, 'Bulevardul Unirii', 87, 'Conventional House Addition', '23423', 'Bucharest', 'user12'),
(27, 'Passeig del Born', 76, 'Garage Conversion', '76575', 'Barcelona', 'user13'),
(28, 'Aargauerstrasse ', 104, NULL, '34534', 'Zurich', 'user14'),
(29, 'Via Matteotti', 32, NULL, '35345', 'Genoa', 'user15'),
(30, 'Via Jacopo Durandi', 86, 'Garage Conversion', '34454', 'Torino', 'user16'),
(31, 'Vijzelgracht', 48, NULL, '13443 B', 'Amsterdam', 'user17'),
(32, 'Anton-Kayser-Stra?e', 46, NULL, '87673', 'Dortumund', 'user18'),
(33, 'C?sarstr.', 81, NULL, '23423', 'Cologne', 'user19'),
(34, 'Via Merulana', 3, NULL, '64345', 'Rome', 'user20'),
(35, 'Via Pollenzo', 56, 'Conventional House Addition', '23524', 'Turin', 'user21'),
(36, 'Kasteel Schaloenstraat', 2, NULL, '23456 C', 'Maastricht', 'user22'),
(37, 'Spuistraat', 39, NULL, '62456 C', 'Amsterdam', 'user23'),
(38, 'Via Rami', 112, 'Garage Conversion', '32146', 'Venice', 'user24'),
(39, 'Via Jake la Furia', 117, NULL, '43141', 'Bologna', 'user25'),
(40, 'Colonnaden', 51, NULL, '42545', 'Hamburg', 'user26'),
(41, 'Calea Mo?ilor', 84, NULL, '75856', 'Bucharest', 'user27'),
(42, 'Carrer dels Mirallers', 113, NULL, '34135', 'Barcelona', 'user28'),
(43, 'Abeggweg', 56, NULL, '13542', 'Zurich', 'user29'),
(44, 'Abeggweg ', 43, NULL, '13434', 'Genoa', 'user30'),
(45, 'Via XX Settembre', 42, NULL, '76334', 'Genoa', 'user31'),
(46, 'Corso Principe Oddone', 65, NULL, '13453', 'Torino', 'user32'),
(47, 'Corso Firenze', 21, 'Garage Conversion', '35245', 'Amsterdam', 'user33'),
(48, 'Beukenbergstra?e', 21, NULL, '35452', 'Dortumund', 'user34'),
(49, 'Wielandstr.', 1, NULL, '65767', 'Cologne', 'user35'),
(50, 'Via dei Coronari', 54, 'Sunroom', '24512', 'Rome', 'user36'),
(51, 'Via Antonio Pigafetta', 84, NULL, '41345', 'Turin', 'user37'),
(52, 'Kelvinstraat', 23, NULL, '13523 C', 'Maastricht', 'user38'),
(53, 'Raadhuisstraat', 52, 'Garage Conversion', '32557 A', 'Amsterdam', 'user39'),
(54, 'Via Sotoportego', 21, NULL, '34534', 'Venice', 'user40'),
(55, 'Via Sebastian Pusch', 55, 'Garage Conversion', '13464', 'Bologna', 'user41'),
(56, 'Krameramtsstuben', 133, NULL, '12312', 'Hamburg', 'user42'),
(57, '?oseaua Kiseleff', 79, NULL, '12412', 'Bucharest', 'user43'),
(58, 'Carrer de Montcada', 92, NULL, '12441', 'Barcelona', 'user44'),
(59, 'Abendweg', 56, NULL, '15342', 'Zurich', 'user45'),
(60, 'Via XXV Aprile', 54, NULL, '34164', 'Genoa', 'user46'),
(61, 'Via delle Palme', 98, NULL, '24432', 'Genoa', 'user47'),
(62, 'Corso Vittorio Emanuele II', 123, NULL, '23421', 'Torino', 'user48'),
(63, 'Corso Firenze', 21, NULL, '85573 A', 'Amsterdam', 'user0'),
(64, 'Brauerstra?e', 21, 'Garage Conversion', '12688', 'Dortumund', 'user1'),
(65, 'M?rikestr.', 44, NULL, '41234', 'Cologne', 'user2'),
(66, 'Via Ostiense', 79, 'Garage Conversion', '13523', 'Rome', 'user3'),
(67, 'Corso Peschiera', 24, NULL, '23423', 'Turin', 'user4'),
(68, 'Oosterweg', 4, NULL, '52356 D', 'Maastricht', 'user5'),
(69, 'Rozengracht', 112, NULL, '34134 D', 'Amsterdam', 'user6'),
(70, 'Salizada', 4, NULL, '52354', 'Venice', 'user7'),
(71, 'Via Consorzio Alimentare', 21, NULL, '35255', 'Bologna', 'user8'),
(72, 'Palmaille', 65, NULL, '53252', 'Hamburg', 'user9'),
(73, 'Lipscani', 21, NULL, '52351', 'Bucharest', 'user10'),
(74, 'Carrer dels Escudellers', 121, NULL, '12452', 'Barcelona', 'user11'),
(75, 'Ackermannstrasse', 38, NULL, '42345', 'Zurich', 'user12'),
(76, 'Piazza Rossetti', 11, 'Conventional House Addition', '23531', 'Genoa', 'user13'),
(77, 'Via Nomentana', 92, 'Garage Conversion', '23412', 'Rome', 'user14'),
(78, 'Via Vandalino', 120, NULL, '42346', 'Turin', 'user15'),
(79, 'Corso Pandolino', 111, 'Sunroom', '42342', 'Genoa', 'user16'),
(80, 'Via Ciabatta', 32, NULL, '324423', 'Rome', 'user17'),
(81, 'Via Enrico Vessetti', 92, 'Garage Conversion', '23423', 'Turin', 'user18'),
(82, 'Via Giovanni Muciaccia', 11, NULL, '42432', 'Genoa', 'user19'),
(83, 'Via Momentanea', 64, NULL, '42634', 'Rome', 'user20'),
(84, 'Via Tempoaro', 87, NULL, '41342', 'Turin', 'user21'),
(85, 'Via Acerca', 95, 'Conventional House Addition', '34234', 'Genoa', 'user22'),
(86, 'Via Teresa Valle', 132, 'Garage Conversion', '23423', 'Rome', 'user23'),
(87, 'Piazza Enrico Vicario', 83, NULL, '44432', 'Turin', 'user24'),
(88, 'Via Federico Cavaliere', 31, NULL, '44444', 'Genoa', 'user25'),
(89, 'Piazza Mutanda', 92, NULL, '34454', 'Rome', 'user26'),
(90, 'Via Oddo', 53, NULL, '14574', 'Turin', 'user27'),
(91, 'Piazza Ignota', 74, 'Sunroom', '42644', 'Genoa', 'user28'),
(92, 'Via Famosa', 93, NULL, '24634', 'Rome', 'user29'),
(93, 'Piazza Fagotto', 99, 'Garage Conversion', '34264', 'Turin', 'user30'),
(94, 'Piazza Famosa', 66, NULL, '14435', 'Genoa', 'user31'),
(95, 'Via al Castellaccio', 101, NULL, '13543', 'Rome', 'user32'),
(96, 'Piazza Roma', 132, 'Garage Conversion', '75424', 'Turin', 'user33'),
(97, 'Via Macellaio', 112, NULL, '64244', 'Genoa', 'user34'),
(98, 'Via Nomentana', 92, NULL, '24175', 'Rome', 'user35'),
(99, 'Via Vicario', 23, NULL, '52651', 'Turin', 'user36'),
(100, 'Via Emanuele Re', 43, NULL, '43434', 'Genoa', 'user37'),
(101, 'Piazza Regina Elisabetta', 32, NULL, '14665', 'Rome', 'user38'),
(102, 'Piazza Re Filippo', 15, NULL, '24664', 'Turin', 'user39'),
(103, 'Piazza Cristoforo Colombo', 56, NULL, '24633', 'Genoa', 'user40'),
(104, 'Via Tedioso', 97, NULL, '25425', 'Rome', 'user0'),
(105, 'Via Palazzo Madama', 76, NULL, '42342', 'Turin', 'user1'),
(106, 'Corso unione Sovietica', 1, 'Garage Conversion', '32432', 'Genoa', 'user2'),
(107, 'Piazza della Signoria', 32, NULL, '24684', 'Rome', 'user3'),
(108, 'Corso Italia', 30, NULL, '23244', 'Turin', 'user4'),
(109, 'Corso Germania', 20, 'Garage Conversion', '24342', 'Genoa', 'user5'),
(110, 'Corso Venezia', 95, NULL, '24263', 'Rome', 'user6'),
(111, 'Corso Romania', 71, NULL, '35344', 'Turin', 'user7'),
(112, 'Corso Giovanni Briatore', 143, NULL, '34524', 'Genoa', 'user8'),
(113, 'Corso Principe Oddone', 65, NULL, '25435', 'Rome', 'user9'),
(114, 'Piazza Gandalf', 120, 'Garage Conversion', '25245', 'Turin', 'user10'),
(115, 'Via Bilbo Beggins', 111, NULL, '52452', 'Genoa', 'user11'),
(116, 'Corso Olanda', 92, NULL, '75432', 'Rome', 'user12'),
(117, 'Corso Vallarino', 102, 'Sunroom', '24571', 'Turin', 'user13'),
(118, 'Piazza Della Signoria', 121, NULL, '13572', 'Genoa', 'user14'),
(119, 'Corso Natale', 81, NULL, '23472', 'Rome', 'user15'),
(120, 'Via della Fenice', 82, NULL, '44542', 'Turin', 'user16'),
(121, 'Via Guglielmo il Grande', 42, NULL, '52346', 'Genoa', 'user17'),
(122, 'Via Nomentana', 2, NULL, '51332', 'Rome', 'user18'),
(123, 'Via Vandalino', 120, 'Garage Conversion', '36446', 'Turin', 'user19'),
(124, 'Piazza Rossetti', 11, NULL, '14563', 'Genoa', 'user20'),
(125, 'Via Nomentana', 92, NULL, '52364', 'Rome', 'user21'),
(126, 'Via Natale Bruno', 47, NULL, '74243', 'Turin', 'user22'),
(127, 'Corso Roma', 123, NULL, '14563', 'Genoa', 'user23'),
(128, 'Via Emilia Romagna', 192, 'Garage Conversion', '65243', 'Rome', 'user24'),
(129, 'Via Giovanni Re', 32, NULL, '15454', 'Turin', 'user25'),
(130, 'Piazza Rossetti', 11, NULL, '14561', 'Genoa', 'user26'),
(131, 'Via maratona Mentana', 92, NULL, '143541', 'Rome', 'user27'),
(132, 'Via Armadio', 82, 'Sunroom', '76576', 'Turin', 'user28'),
(133, 'Via sconosciuta', 42, NULL, '75767', 'Genoa', 'user29'),
(134, 'Via conoscoita', 81, NULL, '86323', 'Rome', 'user30'),
(135, 'Via Famosa', 64, NULL, '52424', 'Turin', 'user31'),
(136, 'Via Noiosa', 44, 'Garage Conversion', '42143', 'Genoa', 'user32'),
(137, 'Via Bella', 142, NULL, '36567', 'Rome', 'user33'),
(138, 'Via Brutta', 127, NULL, '36245', 'Turin', 'user34'),
(139, 'Via Roma', 126, NULL, '53242', 'Genoa', 'user35'),
(140, 'Via Montecitorio', 36, NULL, '42346', 'Rome', 'user36'),
(141, 'Via del Vandalo', 40, NULL, '42543', 'Turin', 'user37'),
(142, 'Piazza Cinque', 5, NULL, '34234', 'Genoa', 'user38'),
(143, 'Via Sei', 6, 'Sunroom', '23467', 'Rome', 'user39'),
(144, 'Via Sette', 7, NULL, '42621', 'Turin', 'user40'),
(145, 'Via Otto', 8, NULL, '85642', 'Genoa', 'user41'),
(146, 'Via Nove', 9, NULL, '54321', 'Rome', 'user42'),
(147, 'Via Dieci', 10, NULL, '54327', 'Turin', 'user43'),
(148, 'Via Pericolosa', 55, NULL, '52372', 'Genoa', 'user44'),
(149, 'Via Sicura', 15, 'Garage Conversion', '58623', 'Rome', 'user45'),
(150, 'Via Pandino', 24, NULL, '82643', 'Turin', 'user46'),
(151, 'Corso Napoleone', 25, NULL, '61472', 'Genoa', 'user47'),
(152, 'Corso Francia', 92, 'Sunroom', '16614', 'Rome', 'user48'),
(153, 'Corso Inghilterra', 52, NULL, '45614', 'Turin', 'user0'),
(154, 'Corso Rossetti', 45, NULL, '61464', 'Genoa', 'user1'),
(155, 'Piazza Fontane Marose', 75, NULL, '13452', 'Rome', 'user1'),
(156, 'Piazza de Ferrari', 120, NULL, '76223', 'Turin', 'seba'),
(157, 'Piazza Brignole', 11, 'Garage Conversion', '14623', 'Genoa', 'seba'),
(158, 'Piazza Montano', 92, NULL, '72452', 'Rome', 'user4'),
(159, 'Piazza Rivarolo', 120, NULL, '13563', 'Turin', 'user5'),
(160, 'Via Dino Col', 11, NULL, '46725', 'Genoa', 'user10'),
(161, 'Via Campasso', 92, NULL, '61462', 'Rome', 'seba'),
(162, 'Piazza Cornigilano', 120, NULL, '72578', 'Turin', 'user20'),
(163, 'Via Domenico Chiodo', 11, 'Sunroom', '25342', 'Genoa', 'user30'),
(164, 'Via Carbone', 92, NULL, '27532', 'Rome', 'user40'),
(165, 'Via Luigi Garibaldi', 20, NULL, '53453', 'Turin', 'seba'),
(166, 'Piazza Dei Mille', 1, NULL, '32675', 'Genoa', 'seba'),
(167, 'Piazza dei Cinque', 2, NULL, '31455', 'Rome', 'seba'),
(168, 'Piazza Senza nome', 10, NULL, '53222', 'Turin', 'seba'),
(169, 'example street', 100, NULL, '12345 A', 'Genova', 'admin'),
(170, 'example street', 100, NULL, '12345 A', 'Genova', 'admin'),
(171, 'example street', 100, NULL, '12345 A', 'Genova', 'admin');

-- --------------------------------------------------------

--
-- Struttura della tabella `rooms`
--

CREATE TABLE `rooms` (
  `id` int(64) NOT NULL,
  `width` int(64) NOT NULL,
  `length` int(64) NOT NULL,
  `height` int(64) NOT NULL,
  `id_house` int(64) NOT NULL,
  `type` enum('bathroom','storage','living room','bedroom','toilet') NOT NULL
) ENGINE=InnoDB DEFAULT CHARSET=utf8mb4;

--
-- Dump dei dati per la tabella `rooms`
--

INSERT INTO `rooms` (`id`, `width`, `length`, `height`, `id_house`, `type`) VALUES
(1586, 5, 7, 2, 13, 'living room'),
(1587, 2, 7, 3, 13, 'bedroom'),
(1588, 9, 6, 3, 13, 'toilet'),
(1589, 6, 10, 3, 13, 'toilet'),
(1590, 5, 4, 2, 13, 'toilet'),
(1591, 10, 4, 2, 13, 'bathroom'),
(1592, 3, 6, 3, 13, 'storage'),
(1593, 2, 6, 2, 14, 'living room'),
(1594, 6, 9, 2, 14, 'living room'),
(1595, 4, 9, 2, 14, 'bedroom'),
(1596, 8, 7, 3, 14, 'bedroom'),
(1597, 8, 5, 3, 14, 'bedroom'),
(1598, 4, 4, 2, 14, 'toilet'),
(1599, 7, 3, 2, 14, 'toilet'),
(1600, 3, 6, 2, 14, 'toilet'),
(1601, 6, 4, 2, 14, 'bathroom'),
(1602, 8, 5, 2, 14, 'bathroom'),
(1603, 6, 6, 2, 14, 'bathroom'),
(1604, 5, 2, 3, 14, 'storage'),
(1605, 7, 2, 2, 15, 'living room'),
(1606, 10, 3, 3, 15, 'living room'),
(1607, 3, 7, 3, 15, 'bedroom'),
(1608, 8, 10, 2, 15, 'bedroom'),
(1609, 3, 7, 3, 15, 'bedroom'),
(1610, 7, 6, 3, 15, 'bedroom'),
(1611, 7, 7, 2, 15, 'toilet'),
(1612, 3, 7, 3, 15, 'bathroom'),
(1613, 6, 7, 2, 15, 'bathroom'),
(1614, 3, 5, 2, 15, 'storage'),
(1615, 4, 10, 2, 16, 'living room'),
(1616, 5, 6, 2, 16, 'bedroom'),
(1617, 3, 8, 3, 16, 'toilet'),
(1618, 8, 9, 3, 16, 'toilet'),
(1619, 2, 2, 2, 16, 'bathroom'),
(1620, 2, 7, 3, 16, 'bathroom'),
(1621, 8, 2, 2, 16, 'storage'),
(1622, 9, 3, 3, 17, 'living room'),
(1623, 10, 2, 2, 17, 'living room'),
(1624, 8, 10, 2, 17, 'bedroom'),
(1625, 7, 6, 2, 17, 'bedroom'),
(1626, 10, 7, 3, 17, 'bedroom'),
(1627, 10, 9, 3, 17, 'toilet'),
(1628, 7, 2, 2, 17, 'toilet'),
(1629, 3, 7, 3, 17, 'toilet'),
(1630, 3, 2, 3, 17, 'bathroom'),
(1631, 4, 4, 2, 17, 'bathroom'),
(1632, 4, 8, 2, 17, 'storage'),
(1633, 7, 3, 2, 17, 'storage'),
(1634, 10, 4, 2, 18, 'living room'),
(1635, 5, 5, 3, 18, 'living room'),
(1636, 8, 3, 3, 18, 'bedroom'),
(1637, 8, 5, 3, 18, 'bedroom'),
(1638, 9, 5, 2, 18, 'bedroom'),
(1639, 9, 4, 2, 18, 'bedroom'),
(1640, 2, 5, 3, 18, 'toilet'),
(1641, 8, 9, 2, 18, 'toilet'),
(1642, 2, 9, 3, 18, 'bathroom'),
(1643, 4, 9, 2, 18, 'storage'),
(1644, 7, 9, 3, 19, 'living room'),
(1645, 3, 8, 3, 19, 'bedroom'),
(1646, 2, 5, 3, 19, 'bedroom'),
(1647, 6, 3, 2, 19, 'bedroom'),
(1648, 4, 6, 3, 19, 'bedroom'),
(1649, 8, 9, 3, 19, 'toilet'),
(1650, 4, 7, 2, 19, 'toilet'),
(1651, 2, 6, 2, 19, 'toilet'),
(1652, 4, 4, 2, 19, 'bathroom'),
(1653, 5, 7, 3, 19, 'bathroom'),
(1654, 6, 7, 3, 19, 'bathroom'),
(1655, 10, 7, 3, 19, 'storage'),
(1656, 6, 2, 3, 19, 'storage'),
(1657, 6, 3, 3, 20, 'living room'),
(1658, 8, 2, 2, 20, 'living room'),
(1659, 10, 5, 3, 20, 'bedroom'),
(1660, 10, 6, 3, 20, 'bedroom'),
(1661, 4, 10, 3, 20, 'bedroom'),
(1662, 8, 9, 3, 20, 'bedroom'),
(1663, 2, 8, 3, 20, 'bedroom'),
(1664, 8, 5, 2, 20, 'toilet'),
(1665, 8, 7, 3, 20, 'toilet'),
(1666, 3, 3, 2, 20, 'bathroom'),
(1667, 3, 7, 2, 20, 'bathroom'),
(1668, 7, 10, 3, 20, 'bathroom'),
(1669, 7, 7, 3, 20, 'storage'),
(1670, 6, 6, 3, 20, 'storage'),
(1671, 3, 7, 3, 21, 'living room'),
(1672, 3, 8, 2, 21, 'bedroom'),
(1673, 7, 3, 3, 21, 'bedroom'),
(1674, 2, 8, 3, 21, 'bedroom'),
(1675, 5, 3, 3, 21, 'bedroom'),
(1676, 6, 3, 2, 21, 'bedroom'),
(1677, 8, 7, 2, 21, 'toilet'),
(1678, 3, 6, 3, 21, 'toilet'),
(1679, 9, 4, 2, 21, 'toilet'),
(1680, 4, 6, 2, 21, 'bathroom'),
(1681, 9, 2, 3, 21, 'storage'),
(1682, 10, 8, 2, 22, 'living room'),
(1683, 9, 3, 2, 22, 'living room'),
(1684, 3, 3, 2, 22, 'bedroom'),
(1685, 6, 10, 3, 22, 'bedroom'),
(1686, 5, 6, 2, 22, 'bedroom'),
(1687, 2, 8, 3, 22, 'bedroom'),
(1688, 2, 6, 2, 22, 'toilet'),
(1689, 6, 6, 3, 22, 'toilet'),
(1690, 6, 6, 2, 22, 'bathroom'),
(1691, 7, 3, 3, 22, 'bathroom'),
(1692, 10, 2, 3, 22, 'storage'),
(1693, 3, 10, 3, 22, 'storage'),
(1694, 10, 3, 3, 23, 'living room'),
(1695, 9, 4, 3, 23, 'bedroom'),
(1696, 7, 7, 2, 23, 'bedroom'),
(1697, 2, 6, 2, 23, 'bedroom'),
(1698, 10, 6, 3, 23, 'bedroom'),
(1699, 10, 4, 3, 23, 'bedroom'),
(1700, 7, 10, 3, 23, 'toilet'),
(1701, 8, 9, 3, 23, 'bathroom'),
(1702, 8, 9, 2, 23, 'bathroom'),
(1703, 10, 4, 2, 23, 'bathroom'),
(1704, 4, 10, 3, 23, 'storage'),
(1705, 6, 8, 2, 23, 'storage'),
(1706, 4, 10, 3, 24, 'living room'),
(1707, 7, 7, 3, 24, 'living room'),
(1708, 3, 5, 3, 24, 'bedroom'),
(1709, 3, 8, 3, 24, 'bedroom'),
(1710, 2, 9, 3, 24, 'bedroom'),
(1711, 9, 4, 3, 24, 'toilet'),
(1712, 5, 3, 2, 24, 'toilet'),
(1713, 2, 5, 3, 24, 'bathroom'),
(1714, 10, 10, 2, 24, 'storage'),
(1715, 9, 8, 2, 25, 'living room'),
(1716, 6, 3, 3, 25, 'bedroom'),
(1717, 3, 5, 3, 25, 'bedroom'),
(1718, 2, 3, 3, 25, 'toilet'),
(1719, 10, 7, 2, 25, 'toilet'),
(1720, 10, 2, 2, 25, 'toilet'),
(1721, 10, 6, 2, 25, 'bathroom'),
(1722, 5, 5, 2, 25, 'bathroom'),
(1723, 7, 9, 3, 25, 'storage'),
(1724, 8, 2, 3, 25, 'storage'),
(1725, 10, 6, 2, 26, 'living room'),
(1726, 9, 6, 2, 26, 'living room'),
(1727, 8, 10, 2, 26, 'bedroom'),
(1728, 4, 9, 2, 26, 'bedroom'),
(1729, 7, 6, 2, 26, 'bedroom'),
(1730, 7, 8, 2, 26, 'toilet'),
(1731, 4, 8, 3, 26, 'bathroom'),
(1732, 10, 6, 2, 26, 'bathroom'),
(1733, 5, 7, 2, 26, 'storage'),
(1734, 7, 6, 2, 27, 'living room'),
(1735, 8, 2, 3, 27, 'bedroom'),
(1736, 9, 10, 3, 27, 'toilet'),
(1737, 10, 5, 2, 27, 'toilet'),
(1738, 8, 2, 2, 27, 'toilet'),
(1739, 4, 8, 3, 27, 'bathroom'),
(1740, 10, 9, 3, 27, 'bathroom'),
(1741, 10, 2, 2, 27, 'bathroom'),
(1742, 3, 2, 2, 27, 'storage'),
(1743, 9, 5, 2, 28, 'living room'),
(1744, 5, 6, 2, 28, 'living room'),
(1745, 2, 4, 3, 28, 'bedroom'),
(1746, 3, 9, 2, 28, 'toilet'),
(1747, 10, 9, 3, 28, 'bathroom'),
(1748, 9, 3, 3, 28, 'bathroom'),
(1749, 9, 9, 3, 28, 'bathroom'),
(1750, 2, 5, 3, 28, 'storage'),
(1751, 2, 10, 2, 29, 'living room'),
(1752, 3, 8, 2, 29, 'bedroom'),
(1753, 6, 9, 3, 29, 'toilet'),
(1754, 6, 9, 2, 29, 'toilet'),
(1755, 10, 9, 3, 29, 'toilet'),
(1756, 9, 7, 3, 29, 'bathroom'),
(1757, 6, 5, 2, 29, 'storage'),
(1758, 7, 7, 2, 30, 'living room'),
(1759, 8, 2, 2, 30, 'living room'),
(1760, 9, 8, 2, 30, 'bedroom'),
(1761, 4, 3, 2, 30, 'toilet'),
(1762, 5, 9, 3, 30, 'toilet'),
(1763, 10, 5, 2, 30, 'bathroom'),
(1764, 9, 6, 3, 30, 'storage'),
(1765, 4, 2, 3, 31, 'living room'),
(1766, 8, 8, 2, 31, 'living room'),
(1767, 4, 3, 2, 31, 'bedroom'),
(1768, 2, 10, 2, 31, 'bedroom'),
(1769, 6, 2, 3, 31, 'toilet'),
(1770, 7, 5, 2, 31, 'toilet'),
(1771, 8, 9, 2, 31, 'bathroom'),
(1772, 5, 4, 3, 31, 'bathroom'),
(1773, 9, 6, 2, 31, 'bathroom'),
(1774, 9, 5, 2, 31, 'storage'),
(1775, 5, 4, 3, 31, 'storage'),
(1776, 10, 6, 2, 32, 'living room'),
(1777, 10, 6, 2, 32, 'bedroom'),
(1778, 6, 6, 3, 32, 'bedroom'),
(1779, 9, 3, 3, 32, 'bedroom'),
(1780, 5, 7, 3, 32, 'toilet'),
(1781, 2, 8, 2, 32, 'toilet'),
(1782, 6, 4, 3, 32, 'bathroom'),
(1783, 5, 9, 3, 32, 'bathroom'),
(1784, 9, 2, 3, 32, 'bathroom'),
(1785, 8, 7, 2, 32, 'storage'),
(1786, 10, 5, 3, 32, 'storage'),
(1787, 2, 5, 3, 33, 'living room'),
(1788, 6, 8, 2, 33, 'bedroom'),
(1789, 3, 8, 3, 33, 'bedroom'),
(1790, 4, 5, 3, 33, 'bedroom'),
(1791, 2, 10, 3, 33, 'bedroom'),
(1792, 8, 8, 3, 33, 'bedroom'),
(1793, 5, 5, 3, 33, 'toilet'),
(1794, 2, 6, 2, 33, 'toilet'),
(1795, 3, 9, 3, 33, 'toilet'),
(1796, 8, 2, 3, 33, 'bathroom'),
(1797, 4, 8, 2, 33, 'bathroom'),
(1798, 5, 4, 3, 33, 'storage'),
(1799, 4, 9, 3, 34, 'living room'),
(1800, 5, 8, 3, 34, 'bedroom'),
(1801, 10, 3, 2, 34, 'bedroom'),
(1802, 3, 3, 2, 34, 'toilet'),
(1803, 9, 7, 2, 34, 'toilet'),
(1804, 3, 10, 3, 34, 'bathroom'),
(1805, 3, 4, 2, 34, 'storage'),
(1806, 4, 9, 2, 34, 'storage'),
(1807, 2, 10, 3, 35, 'living room'),
(1808, 2, 2, 2, 35, 'bedroom'),
(1809, 3, 6, 2, 35, 'bedroom'),
(1810, 10, 6, 3, 35, 'toilet'),
(1811, 6, 6, 2, 35, 'toilet'),
(1812, 6, 2, 2, 35, 'bathroom'),
(1813, 9, 9, 3, 35, 'storage'),
(1814, 5, 9, 3, 35, 'storage'),
(1815, 10, 9, 2, 36, 'living room'),
(1816, 9, 10, 3, 36, 'bedroom'),
(1817, 8, 3, 3, 36, 'bedroom'),
(1818, 4, 7, 2, 36, 'bedroom'),
(1819, 4, 10, 3, 36, 'bedroom'),
(1820, 10, 2, 2, 36, 'bedroom'),
(1821, 9, 5, 2, 36, 'toilet'),
(1822, 5, 5, 3, 36, 'bathroom'),
(1823, 2, 4, 2, 36, 'bathroom'),
(1824, 6, 5, 2, 36, 'bathroom'),
(1825, 6, 10, 2, 36, 'storage'),
(1826, 5, 4, 3, 36, 'storage'),
(1827, 4, 8, 2, 37, 'living room'),
(1828, 7, 3, 2, 37, 'bedroom'),
(1829, 6, 5, 3, 37, 'bedroom'),
(1830, 5, 5, 3, 37, 'bedroom'),
(1831, 7, 3, 2, 37, 'bedroom'),
(1832, 3, 3, 3, 37, 'toilet'),
(1833, 2, 6, 3, 37, 'toilet'),
(1834, 2, 9, 2, 37, 'toilet'),
(1835, 8, 10, 3, 37, 'bathroom'),
(1836, 10, 6, 2, 37, 'bathroom'),
(1837, 7, 10, 3, 37, 'storage'),
(1838, 3, 3, 2, 37, 'storage'),
(1839, 4, 7, 2, 38, 'living room'),
(1840, 7, 9, 3, 38, 'living room'),
(1841, 4, 9, 2, 38, 'bedroom'),
(1842, 8, 10, 2, 38, 'bedroom'),
(1843, 9, 8, 3, 38, 'bedroom'),
(1844, 2, 4, 3, 38, 'bedroom'),
(1845, 9, 3, 2, 38, 'toilet'),
(1846, 7, 7, 2, 38, 'toilet'),
(1847, 3, 4, 2, 38, 'toilet'),
(1848, 2, 5, 3, 38, 'bathroom'),
(1849, 9, 3, 2, 38, 'bathroom'),
(1850, 9, 5, 2, 38, 'bathroom'),
(1851, 8, 9, 3, 38, 'storage'),
(1852, 2, 7, 3, 39, 'living room'),
(1853, 4, 8, 2, 39, 'bedroom'),
(1854, 3, 6, 3, 39, 'bedroom'),
(1855, 3, 2, 3, 39, 'bedroom'),
(1856, 6, 4, 2, 39, 'bedroom'),
(1857, 5, 8, 2, 39, 'toilet'),
(1858, 8, 4, 3, 39, 'bathroom'),
(1859, 3, 5, 2, 39, 'storage'),
(1860, 7, 5, 3, 39, 'storage'),
(1861, 5, 2, 3, 40, 'living room'),
(1862, 5, 6, 3, 40, 'living room'),
(1863, 10, 5, 3, 40, 'bedroom'),
(1864, 9, 10, 3, 40, 'bedroom'),
(1865, 6, 3, 2, 40, 'toilet'),
(1866, 10, 3, 3, 40, 'toilet'),
(1867, 8, 7, 2, 40, 'bathroom'),
(1868, 5, 7, 2, 40, 'storage'),
(1869, 3, 4, 2, 40, 'storage'),
(1870, 10, 5, 2, 41, 'living room'),
(1871, 5, 10, 3, 41, 'living room'),
(1872, 6, 2, 3, 41, 'bedroom'),
(1873, 2, 7, 2, 41, 'bedroom'),
(1874, 6, 2, 2, 41, 'toilet'),
(1875, 3, 10, 3, 41, 'toilet'),
(1876, 3, 4, 3, 41, 'toilet'),
(1877, 7, 2, 2, 41, 'bathroom'),
(1878, 5, 2, 3, 41, 'storage'),
(1879, 3, 4, 2, 42, 'living room'),
(1880, 4, 4, 3, 42, 'living room'),
(1881, 5, 5, 3, 42, 'bedroom'),
(1882, 5, 3, 3, 42, 'bedroom'),
(1883, 10, 7, 3, 42, 'bedroom'),
(1884, 2, 5, 3, 42, 'bedroom'),
(1885, 4, 2, 2, 42, 'bedroom'),
(1886, 5, 5, 2, 42, 'toilet'),
(1887, 10, 7, 2, 42, 'toilet'),
(1888, 2, 3, 2, 42, 'toilet'),
(1889, 5, 9, 3, 42, 'bathroom'),
(1890, 2, 6, 3, 42, 'bathroom'),
(1891, 4, 5, 3, 42, 'storage'),
(1892, 3, 3, 2, 43, 'living room'),
(1893, 7, 3, 2, 43, 'living room'),
(1894, 7, 10, 3, 43, 'bedroom'),
(1895, 4, 9, 2, 43, 'toilet'),
(1896, 8, 9, 2, 43, 'toilet'),
(1897, 5, 4, 2, 43, 'toilet'),
(1898, 8, 4, 3, 43, 'bathroom'),
(1899, 9, 2, 2, 43, 'storage'),
(1900, 2, 10, 3, 44, 'living room'),
(1901, 9, 5, 2, 44, 'bedroom'),
(1902, 2, 3, 3, 44, 'bedroom'),
(1903, 9, 7, 2, 44, 'bedroom'),
(1904, 3, 8, 2, 44, 'bedroom'),
(1905, 10, 8, 2, 44, 'bedroom'),
(1906, 5, 8, 3, 44, 'toilet'),
(1907, 8, 6, 2, 44, 'toilet'),
(1908, 7, 8, 3, 44, 'bathroom'),
(1909, 4, 3, 2, 44, 'storage'),
(1910, 9, 8, 3, 45, 'living room'),
(1911, 6, 2, 2, 45, 'living room'),
(1912, 4, 2, 2, 45, 'bedroom'),
(1913, 7, 10, 3, 45, 'bedroom'),
(1914, 5, 10, 3, 45, 'bedroom'),
(1915, 4, 3, 3, 45, 'bedroom'),
(1916, 6, 8, 2, 45, 'toilet'),
(1917, 2, 8, 3, 45, 'bathroom'),
(1918, 2, 2, 3, 45, 'storage'),
(1919, 2, 7, 3, 46, 'living room'),
(1920, 9, 7, 3, 46, 'bedroom'),
(1921, 10, 8, 3, 46, 'bedroom'),
(1922, 7, 5, 3, 46, 'bedroom'),
(1923, 8, 6, 3, 46, 'toilet'),
(1924, 3, 7, 3, 46, 'toilet'),
(1925, 5, 3, 2, 46, 'toilet'),
(1926, 5, 9, 2, 46, 'bathroom'),
(1927, 9, 9, 2, 46, 'bathroom'),
(1928, 9, 6, 2, 46, 'storage'),
(1929, 2, 3, 2, 46, 'storage'),
(1930, 2, 9, 2, 47, 'living room'),
(1931, 7, 9, 3, 47, 'living room'),
(1932, 2, 5, 2, 47, 'bedroom'),
(1933, 2, 2, 2, 47, 'toilet'),
(1934, 7, 6, 3, 47, 'bathroom'),
(1935, 5, 3, 2, 47, 'storage'),
(1936, 5, 8, 3, 48, 'living room'),
(1937, 3, 7, 2, 48, 'living room'),
(1938, 6, 2, 3, 48, 'bedroom'),
(1939, 6, 8, 3, 48, 'bedroom'),
(1940, 10, 7, 3, 48, 'bedroom'),
(1941, 7, 10, 3, 48, 'bedroom'),
(1942, 4, 8, 2, 48, 'bedroom'),
(1943, 10, 4, 2, 48, 'toilet'),
(1944, 4, 8, 2, 48, 'toilet'),
(1945, 7, 7, 2, 48, 'toilet'),
(1946, 9, 8, 3, 48, 'bathroom'),
(1947, 9, 7, 2, 48, 'storage'),
(1948, 3, 7, 3, 48, 'storage'),
(1949, 9, 4, 2, 49, 'living room'),
(1950, 10, 6, 3, 49, 'bedroom'),
(1951, 6, 7, 3, 49, 'bedroom'),
(1952, 7, 7, 3, 49, 'toilet'),
(1953, 6, 10, 3, 49, 'bathroom'),
(1954, 6, 6, 2, 49, 'bathroom'),
(1955, 4, 7, 3, 49, 'storage'),
(1956, 2, 9, 3, 50, 'living room'),
(1957, 9, 5, 2, 50, 'bedroom'),
(1958, 6, 3, 3, 50, 'bedroom'),
(1959, 4, 6, 3, 50, 'bedroom'),
(1960, 4, 10, 2, 50, 'bedroom'),
(1961, 10, 5, 2, 50, 'bedroom'),
(1962, 6, 5, 2, 50, 'toilet'),
(1963, 8, 6, 3, 50, 'toilet'),
(1964, 7, 10, 2, 50, 'toilet'),
(1965, 3, 9, 2, 50, 'bathroom'),
(1966, 7, 9, 3, 50, 'bathroom'),
(1967, 10, 6, 2, 50, 'bathroom'),
(1968, 4, 10, 2, 50, 'storage'),
(1969, 7, 2, 2, 50, 'storage'),
(1970, 6, 6, 3, 51, 'living room'),
(1971, 7, 7, 2, 51, 'living room'),
(1972, 7, 7, 3, 51, 'bedroom'),
(1973, 5, 8, 2, 51, 'bedroom'),
(1974, 3, 3, 3, 51, 'toilet'),
(1975, 2, 9, 3, 51, 'bathroom'),
(1976, 8, 2, 3, 51, 'storage'),
(1977, 6, 8, 3, 51, 'storage'),
(1978, 3, 4, 2, 52, 'living room'),
(1979, 8, 5, 2, 52, 'living room'),
(1980, 10, 7, 3, 52, 'bedroom'),
(1981, 8, 9, 2, 52, 'bedroom'),
(1982, 6, 5, 2, 52, 'bedroom'),
(1983, 3, 6, 3, 52, 'bedroom'),
(1984, 5, 9, 2, 52, 'toilet'),
(1985, 6, 6, 2, 52, 'bathroom'),
(1986, 5, 4, 3, 52, 'storage'),
(1987, 10, 10, 3, 53, 'living room'),
(1988, 9, 8, 2, 53, 'bedroom'),
(1989, 9, 9, 3, 53, 'bedroom'),
(1990, 7, 8, 3, 53, 'bedroom'),
(1991, 9, 4, 3, 53, 'bedroom'),
(1992, 10, 8, 2, 53, 'bedroom'),
(1993, 9, 9, 3, 53, 'toilet'),
(1994, 2, 10, 3, 53, 'bathroom'),
(1995, 9, 2, 2, 53, 'bathroom'),
(1996, 2, 3, 3, 53, 'storage'),
(1997, 10, 2, 2, 54, 'living room'),
(1998, 7, 3, 3, 54, 'bedroom'),
(1999, 4, 3, 2, 54, 'bedroom'),
(2000, 8, 5, 2, 54, 'bedroom'),
(2001, 9, 7, 3, 54, 'bedroom'),
(2002, 9, 10, 2, 54, 'bedroom'),
(2003, 5, 8, 2, 54, 'toilet'),
(2004, 6, 8, 3, 54, 'bathroom'),
(2005, 10, 6, 3, 54, 'bathroom'),
(2006, 8, 4, 3, 54, 'storage'),
(2007, 9, 4, 2, 55, 'living room'),
(2008, 4, 9, 3, 55, 'living room'),
(2009, 3, 3, 2, 55, 'bedroom'),
(2010, 3, 2, 2, 55, 'bedroom'),
(2011, 7, 3, 3, 55, 'bedroom'),
(2012, 6, 7, 2, 55, 'toilet'),
(2013, 2, 8, 3, 55, 'toilet'),
(2014, 9, 7, 2, 55, 'bathroom'),
(2015, 2, 7, 3, 55, 'storage'),
(2016, 6, 9, 2, 56, 'living room'),
(2017, 3, 10, 3, 56, 'living room'),
(2018, 8, 5, 2, 56, 'bedroom'),
(2019, 10, 7, 3, 56, 'toilet'),
(2020, 9, 3, 3, 56, 'bathroom'),
(2021, 9, 2, 3, 56, 'storage'),
(2022, 2, 4, 2, 57, 'living room'),
(2023, 3, 10, 3, 57, 'bedroom'),
(2024, 6, 8, 2, 57, 'bedroom'),
(2025, 4, 8, 3, 57, 'bedroom'),
(2026, 8, 2, 2, 57, 'toilet'),
(2027, 10, 4, 3, 57, 'toilet'),
(2028, 9, 2, 2, 57, 'toilet'),
(2029, 4, 8, 2, 57, 'bathroom'),
(2030, 3, 10, 3, 57, 'bathroom'),
(2031, 2, 4, 2, 57, 'bathroom'),
(2032, 6, 8, 2, 57, 'storage'),
(2033, 4, 8, 2, 58, 'living room'),
(2034, 2, 2, 3, 58, 'living room'),
(2035, 5, 9, 2, 58, 'bedroom'),
(2036, 7, 2, 2, 58, 'bedroom'),
(2037, 7, 8, 2, 58, 'toilet'),
(2038, 3, 4, 2, 58, 'bathroom'),
(2039, 2, 5, 3, 58, 'bathroom'),
(2040, 6, 9, 3, 58, 'bathroom'),
(2041, 8, 3, 2, 58, 'storage'),
(2042, 8, 3, 2, 59, 'living room'),
(2043, 9, 8, 2, 59, 'living room'),
(2044, 10, 2, 2, 59, 'bedroom'),
(2045, 10, 8, 3, 59, 'bedroom'),
(2046, 8, 7, 3, 59, 'bedroom'),
(2047, 2, 6, 3, 59, 'toilet'),
(2048, 3, 9, 3, 59, 'toilet'),
(2049, 5, 2, 3, 59, 'toilet'),
(2050, 3, 2, 2, 59, 'bathroom'),
(2051, 10, 6, 3, 59, 'storage'),
(2052, 2, 7, 3, 59, 'storage'),
(2053, 4, 4, 2, 60, 'living room'),
(2054, 3, 4, 3, 60, 'bedroom'),
(2055, 8, 4, 3, 60, 'bedroom'),
(2056, 5, 5, 3, 60, 'bedroom'),
(2057, 8, 9, 3, 60, 'bedroom'),
(2058, 6, 5, 2, 60, 'toilet'),
(2059, 8, 9, 2, 60, 'toilet'),
(2060, 10, 4, 3, 60, 'bathroom'),
(2061, 5, 3, 2, 60, 'bathroom'),
(2062, 10, 6, 3, 60, 'bathroom'),
(2063, 7, 5, 3, 60, 'storage'),
(2064, 7, 5, 3, 61, 'living room'),
(2065, 3, 7, 2, 61, 'living room'),
(2066, 5, 7, 3, 61, 'bedroom'),
(2067, 9, 7, 2, 61, 'bedroom'),
(2068, 9, 8, 3, 61, 'toilet'),
(2069, 8, 4, 2, 61, 'bathroom'),
(2070, 7, 9, 3, 61, 'bathroom'),
(2071, 7, 3, 2, 61, 'bathroom'),
(2072, 8, 8, 3, 61, 'storage'),
(2073, 6, 5, 2, 62, 'living room'),
(2074, 4, 7, 2, 62, 'living room'),
(2075, 2, 2, 3, 62, 'bedroom'),
(2076, 2, 9, 3, 62, 'bedroom'),
(2077, 10, 3, 3, 62, 'bedroom'),
(2078, 4, 6, 2, 62, 'bedroom'),
(2079, 3, 4, 3, 62, 'toilet'),
(2080, 2, 5, 2, 62, 'toilet'),
(2081, 3, 8, 2, 62, 'toilet'),
(2082, 6, 8, 3, 62, 'bathroom'),
(2083, 10, 9, 3, 62, 'bathroom'),
(2084, 8, 8, 3, 62, 'bathroom'),
(2085, 4, 2, 2, 62, 'storage'),
(2086, 9, 4, 3, 62, 'storage'),
(2087, 7, 5, 3, 63, 'living room'),
(2088, 10, 9, 3, 63, 'bedroom'),
(2089, 5, 10, 3, 63, 'bedroom'),
(2090, 3, 4, 3, 63, 'bedroom'),
(2091, 4, 10, 3, 63, 'toilet'),
(2092, 7, 3, 2, 63, 'toilet'),
(2093, 7, 5, 3, 63, 'toilet'),
(2094, 9, 5, 2, 63, 'bathroom'),
(2095, 6, 5, 3, 63, 'bathroom'),
(2096, 3, 8, 2, 63, 'storage'),
(2097, 8, 4, 3, 64, 'living room'),
(2098, 3, 10, 2, 64, 'bedroom'),
(2099, 10, 10, 3, 64, 'bedroom'),
(2100, 4, 8, 3, 64, 'bedroom'),
(2101, 8, 6, 3, 64, 'toilet'),
(2102, 10, 2, 3, 64, 'toilet'),
(2103, 3, 6, 2, 64, 'bathroom'),
(2104, 7, 6, 2, 64, 'bathroom'),
(2105, 7, 9, 2, 64, 'storage'),
(2106, 10, 6, 2, 64, 'storage'),
(2107, 4, 5, 2, 65, 'living room'),
(2108, 9, 3, 3, 65, 'living room'),
(2109, 4, 6, 2, 65, 'bedroom'),
(2110, 5, 2, 2, 65, 'bedroom'),
(2111, 5, 8, 2, 65, 'bedroom'),
(2112, 6, 7, 3, 65, 'toilet'),
(2113, 9, 7, 3, 65, 'toilet'),
(2114, 2, 4, 2, 65, 'bathroom'),
(2115, 9, 10, 2, 65, 'bathroom'),
(2116, 2, 6, 3, 65, 'bathroom'),
(2117, 4, 10, 2, 65, 'storage'),
(2118, 3, 6, 2, 65, 'storage'),
(2119, 9, 4, 3, 66, 'living room'),
(2120, 9, 7, 3, 66, 'living room'),
(2121, 5, 4, 2, 66, 'bedroom'),
(2122, 6, 3, 2, 66, 'bedroom'),
(2123, 10, 5, 2, 66, 'bedroom'),
(2124, 10, 3, 3, 66, 'bedroom'),
(2125, 3, 4, 2, 66, 'toilet'),
(2126, 7, 2, 3, 66, 'bathroom'),
(2127, 5, 9, 3, 66, 'storage'),
(2128, 4, 10, 3, 66, 'storage'),
(2129, 5, 4, 2, 67, 'living room'),
(2130, 4, 7, 2, 67, 'bedroom'),
(2131, 8, 7, 2, 67, 'bedroom'),
(2132, 6, 4, 2, 67, 'bedroom'),
(2133, 3, 7, 3, 67, 'toilet'),
(2134, 9, 3, 3, 67, 'toilet'),
(2135, 3, 3, 2, 67, 'toilet'),
(2136, 6, 9, 2, 67, 'bathroom'),
(2137, 6, 5, 2, 67, 'storage'),
(2138, 2, 5, 2, 68, 'living room'),
(2139, 10, 5, 2, 68, 'bedroom'),
(2140, 10, 6, 3, 68, 'bedroom'),
(2141, 6, 10, 2, 68, 'bedroom'),
(2142, 2, 7, 2, 68, 'toilet'),
(2143, 7, 5, 3, 68, 'toilet'),
(2144, 8, 6, 3, 68, 'bathroom'),
(2145, 4, 4, 2, 68, 'bathroom'),
(2146, 2, 5, 2, 68, 'storage'),
(2147, 7, 8, 3, 69, 'living room'),
(2148, 7, 4, 2, 69, 'living room'),
(2149, 4, 8, 2, 69, 'bedroom'),
(2150, 2, 4, 3, 69, 'bedroom'),
(2151, 4, 5, 2, 69, 'toilet'),
(2152, 6, 10, 2, 69, 'bathroom'),
(2153, 10, 2, 3, 69, 'bathroom'),
(2154, 3, 9, 2, 69, 'storage'),
(2155, 8, 3, 3, 70, 'living room'),
(2156, 3, 3, 2, 70, 'living room'),
(2157, 5, 7, 2, 70, 'bedroom'),
(2158, 10, 7, 3, 70, 'bedroom'),
(2159, 3, 7, 2, 70, 'bedroom'),
(2160, 3, 8, 3, 70, 'bedroom'),
(2161, 3, 6, 3, 70, 'toilet'),
(2162, 3, 3, 2, 70, 'bathroom'),
(2163, 10, 3, 2, 70, 'bathroom'),
(2164, 6, 4, 3, 70, 'storage'),
(2165, 2, 8, 3, 71, 'living room'),
(2166, 9, 4, 2, 71, 'living room'),
(2167, 2, 9, 3, 71, 'bedroom'),
(2168, 4, 4, 3, 71, 'toilet'),
(2169, 4, 6, 2, 71, 'toilet'),
(2170, 4, 8, 3, 71, 'toilet'),
(2171, 4, 4, 2, 71, 'bathroom'),
(2172, 8, 3, 3, 71, 'bathroom'),
(2173, 8, 6, 2, 71, 'bathroom'),
(2174, 5, 3, 2, 71, 'storage'),
(2175, 9, 5, 2, 71, 'storage'),
(2176, 4, 8, 3, 72, 'living room'),
(2177, 6, 9, 2, 72, 'bedroom'),
(2178, 2, 3, 3, 72, 'bedroom'),
(2179, 6, 3, 2, 72, 'toilet'),
(2180, 8, 5, 3, 72, 'bathroom'),
(2181, 6, 4, 3, 72, 'storage'),
(2182, 6, 9, 2, 73, 'living room'),
(2183, 8, 10, 2, 73, 'bedroom'),
(2184, 9, 4, 3, 73, 'bedroom'),
(2185, 2, 2, 2, 73, 'bedroom'),
(2186, 3, 10, 2, 73, 'toilet'),
(2187, 7, 7, 3, 73, 'bathroom'),
(2188, 6, 5, 2, 73, 'storage'),
(2189, 6, 7, 3, 73, 'storage'),
(2190, 10, 8, 3, 74, 'living room'),
(2191, 2, 9, 3, 74, 'living room'),
(2192, 2, 7, 3, 74, 'bedroom'),
(2193, 3, 5, 3, 74, 'bedroom'),
(2194, 10, 5, 3, 74, 'bedroom'),
(2195, 2, 5, 3, 74, 'bedroom'),
(2196, 7, 6, 3, 74, 'toilet'),
(2197, 2, 3, 3, 74, 'toilet'),
(2198, 3, 3, 3, 74, 'bathroom'),
(2199, 10, 4, 2, 74, 'bathroom'),
(2200, 9, 3, 3, 74, 'bathroom'),
(2201, 4, 3, 2, 74, 'storage'),
(2202, 8, 2, 2, 75, 'living room'),
(2203, 10, 9, 2, 75, 'bedroom'),
(2204, 9, 7, 3, 75, 'bedroom'),
(2205, 8, 7, 2, 75, 'toilet'),
(2206, 10, 2, 2, 75, 'toilet'),
(2207, 3, 8, 2, 75, 'toilet'),
(2208, 3, 6, 2, 75, 'bathroom'),
(2209, 3, 8, 2, 75, 'storage'),
(2210, 4, 6, 3, 76, 'living room'),
(2211, 7, 3, 3, 76, 'living room'),
(2212, 10, 4, 3, 76, 'bedroom'),
(2213, 10, 3, 3, 76, 'bedroom'),
(2214, 4, 6, 3, 76, 'bedroom'),
(2215, 4, 10, 3, 76, 'bedroom'),
(2216, 3, 10, 2, 76, 'toilet'),
(2217, 4, 4, 2, 76, 'bathroom'),
(2218, 9, 8, 3, 76, 'bathroom'),
(2219, 2, 4, 2, 76, 'bathroom'),
(2220, 6, 6, 3, 76, 'storage'),
(2221, 10, 3, 3, 76, 'storage'),
(2222, 5, 5, 2, 77, 'living room'),
(2223, 10, 8, 3, 77, 'bedroom'),
(2224, 6, 2, 2, 77, 'bedroom'),
(2225, 6, 3, 2, 77, 'toilet'),
(2226, 7, 3, 3, 77, 'toilet'),
(2227, 2, 6, 2, 77, 'bathroom'),
(2228, 4, 6, 3, 77, 'storage'),
(2229, 8, 3, 3, 77, 'storage'),
(2230, 7, 3, 3, 78, 'living room'),
(2231, 3, 8, 3, 78, 'bedroom'),
(2232, 5, 5, 3, 78, 'bedroom'),
(2233, 9, 9, 3, 78, 'bedroom'),
(2234, 10, 7, 2, 78, 'bedroom'),
(2235, 7, 9, 2, 78, 'toilet'),
(2236, 9, 9, 2, 78, 'toilet'),
(2237, 3, 10, 3, 78, 'bathroom'),
(2238, 3, 7, 3, 78, 'storage'),
(2239, 6, 2, 2, 79, 'living room'),
(2240, 9, 10, 2, 79, 'bedroom'),
(2241, 6, 7, 2, 79, 'bedroom'),
(2242, 10, 6, 3, 79, 'toilet'),
(2243, 8, 6, 2, 79, 'bathroom'),
(2244, 4, 4, 3, 79, 'bathroom'),
(2245, 6, 5, 2, 79, 'bathroom'),
(2246, 4, 5, 2, 79, 'storage'),
(2247, 8, 4, 3, 80, 'living room'),
(2248, 10, 8, 3, 80, 'bedroom'),
(2249, 3, 7, 3, 80, 'bedroom'),
(2250, 5, 5, 2, 80, 'bedroom'),
(2251, 3, 7, 2, 80, 'bedroom'),
(2252, 8, 4, 2, 80, 'bedroom'),
(2253, 4, 4, 2, 80, 'toilet'),
(2254, 10, 6, 2, 80, 'bathroom'),
(2255, 7, 10, 2, 80, 'storage'),
(2256, 5, 3, 3, 81, 'living room'),
(2257, 8, 6, 2, 81, 'living room'),
(2258, 7, 2, 3, 81, 'bedroom'),
(2259, 8, 5, 3, 81, 'bedroom'),
(2260, 3, 4, 3, 81, 'bedroom'),
(2261, 2, 4, 2, 81, 'bedroom'),
(2262, 7, 10, 2, 81, 'toilet'),
(2263, 6, 9, 2, 81, 'bathroom'),
(2264, 6, 2, 3, 81, 'bathroom'),
(2265, 3, 3, 2, 81, 'bathroom'),
(2266, 10, 6, 3, 81, 'storage'),
(2267, 9, 8, 3, 81, 'storage'),
(2268, 7, 6, 2, 82, 'living room'),
(2269, 7, 3, 3, 82, 'bedroom'),
(2270, 7, 9, 2, 82, 'bedroom'),
(2271, 5, 2, 2, 82, 'bedroom'),
(2272, 7, 7, 2, 82, 'toilet'),
(2273, 9, 10, 3, 82, 'toilet'),
(2274, 9, 8, 2, 82, 'toilet'),
(2275, 7, 9, 2, 82, 'bathroom'),
(2276, 4, 3, 2, 82, 'bathroom'),
(2277, 9, 5, 2, 82, 'bathroom'),
(2278, 4, 8, 3, 82, 'storage'),
(2279, 5, 6, 2, 82, 'storage'),
(2280, 2, 7, 3, 83, 'living room'),
(2281, 10, 10, 2, 83, 'bedroom'),
(2282, 5, 6, 2, 83, 'bedroom'),
(2283, 4, 6, 3, 83, 'bedroom'),
(2284, 4, 3, 2, 83, 'toilet'),
(2285, 3, 10, 3, 83, 'bathroom'),
(2286, 8, 7, 2, 83, 'bathroom'),
(2287, 8, 3, 2, 83, 'storage'),
(2288, 6, 9, 3, 84, 'living room'),
(2289, 3, 2, 2, 84, 'bedroom'),
(2290, 8, 8, 2, 84, 'bedroom'),
(2291, 3, 8, 2, 84, 'bedroom'),
(2292, 2, 3, 3, 84, 'toilet'),
(2293, 6, 10, 3, 84, 'toilet'),
(2294, 6, 4, 2, 84, 'bathroom'),
(2295, 2, 3, 3, 84, 'bathroom'),
(2296, 8, 3, 2, 84, 'storage'),
(2297, 4, 8, 2, 85, 'living room'),
(2298, 4, 4, 3, 85, 'bedroom'),
(2299, 2, 10, 2, 85, 'bedroom'),
(2300, 5, 6, 2, 85, 'bedroom'),
(2301, 9, 2, 2, 85, 'toilet'),
(2302, 10, 3, 3, 85, 'toilet'),
(2303, 6, 10, 2, 85, 'bathroom'),
(2304, 3, 3, 3, 85, 'storage'),
(2305, 10, 7, 3, 86, 'living room'),
(2306, 4, 4, 2, 86, 'living room'),
(2307, 10, 4, 2, 86, 'bedroom'),
(2308, 7, 10, 3, 86, 'bedroom'),
(2309, 2, 10, 3, 86, 'bedroom'),
(2310, 2, 4, 3, 86, 'toilet'),
(2311, 7, 9, 3, 86, 'bathroom'),
(2312, 5, 9, 3, 86, 'storage'),
(2313, 10, 5, 2, 87, 'living room'),
(2314, 9, 10, 3, 87, 'living room'),
(2315, 4, 4, 2, 87, 'bedroom'),
(2316, 5, 9, 2, 87, 'bedroom'),
(2317, 10, 10, 2, 87, 'bedroom'),
(2318, 4, 5, 2, 87, 'bedroom'),
(2319, 9, 5, 3, 87, 'bedroom'),
(2320, 10, 6, 3, 87, 'toilet'),
(2321, 8, 4, 3, 87, 'bathroom'),
(2322, 7, 5, 2, 87, 'storage'),
(2323, 10, 9, 3, 87, 'storage'),
(2324, 7, 10, 2, 88, 'living room'),
(2325, 10, 5, 2, 88, 'living room'),
(2326, 4, 5, 2, 88, 'bedroom'),
(2327, 8, 4, 2, 88, 'bedroom'),
(2328, 6, 9, 2, 88, 'bedroom'),
(2329, 6, 2, 2, 88, 'toilet'),
(2330, 4, 5, 2, 88, 'bathroom'),
(2331, 7, 3, 2, 88, 'bathroom'),
(2332, 9, 3, 3, 88, 'bathroom'),
(2333, 9, 7, 3, 88, 'storage'),
(2334, 4, 7, 2, 88, 'storage'),
(2335, 9, 3, 3, 89, 'living room'),
(2336, 2, 7, 2, 89, 'bedroom'),
(2337, 2, 3, 3, 89, 'bedroom'),
(2338, 8, 7, 2, 89, 'toilet'),
(2339, 3, 6, 3, 89, 'toilet'),
(2340, 5, 6, 2, 89, 'toilet'),
(2341, 10, 6, 2, 89, 'bathroom'),
(2342, 10, 4, 3, 89, 'bathroom'),
(2343, 6, 10, 3, 89, 'storage'),
(2344, 3, 2, 2, 90, 'living room'),
(2345, 9, 2, 3, 90, 'living room'),
(2346, 4, 7, 3, 90, 'bedroom'),
(2347, 6, 5, 2, 90, 'bedroom'),
(2348, 5, 6, 2, 90, 'bedroom'),
(2349, 2, 6, 3, 90, 'toilet'),
(2350, 6, 9, 3, 90, 'toilet'),
(2351, 2, 7, 3, 90, 'toilet'),
(2352, 7, 6, 2, 90, 'bathroom'),
(2353, 5, 10, 2, 90, 'bathroom'),
(2354, 10, 5, 3, 90, 'storage'),
(2355, 9, 7, 2, 91, 'living room'),
(2356, 4, 7, 2, 91, 'living room'),
(2357, 5, 3, 2, 91, 'bedroom'),
(2358, 5, 3, 3, 91, 'bedroom'),
(2359, 3, 3, 2, 91, 'bedroom'),
(2360, 9, 6, 2, 91, 'bedroom'),
(2361, 7, 3, 2, 91, 'toilet'),
(2362, 4, 6, 3, 91, 'toilet'),
(2363, 3, 9, 2, 91, 'bathroom'),
(2364, 2, 4, 3, 91, 'bathroom'),
(2365, 5, 5, 2, 91, 'bathroom'),
(2366, 6, 6, 2, 91, 'storage'),
(2367, 10, 5, 3, 92, 'living room'),
(2368, 7, 10, 3, 92, 'living room'),
(2369, 8, 5, 3, 92, 'bedroom'),
(2370, 8, 10, 3, 92, 'bedroom'),
(2371, 4, 10, 3, 92, 'bedroom'),
(2372, 7, 3, 2, 92, 'toilet'),
(2373, 9, 7, 3, 92, 'toilet'),
(2374, 2, 7, 3, 92, 'toilet'),
(2375, 2, 10, 2, 92, 'bathroom'),
(2376, 5, 9, 3, 92, 'storage'),
(2377, 6, 9, 3, 93, 'living room'),
(2378, 4, 3, 3, 93, 'bedroom'),
(2379, 9, 5, 2, 93, 'bedroom'),
(2380, 9, 7, 2, 93, 'bedroom'),
(2381, 5, 5, 2, 93, 'toilet'),
(2382, 7, 10, 2, 93, 'bathroom'),
(2383, 9, 9, 2, 93, 'bathroom'),
(2384, 10, 9, 3, 93, 'storage'),
(2385, 3, 9, 3, 93, 'storage'),
(2386, 10, 9, 3, 94, 'living room'),
(2387, 9, 3, 2, 94, 'living room'),
(2388, 7, 7, 2, 94, 'bedroom'),
(2389, 8, 4, 2, 94, 'bedroom'),
(2390, 4, 2, 2, 94, 'bedroom'),
(2391, 8, 7, 3, 94, 'toilet'),
(2392, 4, 2, 3, 94, 'bathroom'),
(2393, 3, 8, 3, 94, 'bathroom'),
(2394, 8, 3, 3, 94, 'bathroom'),
(2395, 7, 9, 2, 94, 'storage'),
(2396, 9, 2, 3, 94, 'storage'),
(2397, 5, 6, 2, 95, 'living room'),
(2398, 6, 10, 2, 95, 'bedroom'),
(2399, 10, 2, 2, 95, 'bedroom'),
(2400, 9, 9, 3, 95, 'bedroom'),
(2401, 3, 4, 3, 95, 'bedroom'),
(2402, 3, 10, 3, 95, 'toilet'),
(2403, 9, 9, 2, 95, 'toilet'),
(2404, 2, 5, 2, 95, 'toilet'),
(2405, 5, 5, 3, 95, 'bathroom'),
(2406, 7, 3, 2, 95, 'bathroom'),
(2407, 2, 8, 3, 95, 'storage'),
(2408, 6, 2, 2, 95, 'storage'),
(2409, 3, 5, 3, 96, 'living room'),
(2410, 4, 5, 3, 96, 'bedroom'),
(2411, 10, 9, 2, 96, 'bedroom'),
(2412, 9, 5, 2, 96, 'bedroom'),
(2413, 10, 5, 3, 96, 'bedroom'),
(2414, 9, 4, 2, 96, 'bedroom'),
(2415, 3, 6, 2, 96, 'toilet'),
(2416, 3, 2, 3, 96, 'bathroom'),
(2417, 7, 6, 2, 96, 'bathroom'),
(2418, 8, 4, 3, 96, 'storage'),
(2419, 8, 3, 2, 96, 'storage'),
(2420, 5, 6, 3, 97, 'living room'),
(2421, 10, 3, 3, 97, 'bedroom'),
(2422, 7, 8, 3, 97, 'bedroom'),
(2423, 4, 4, 3, 97, 'bedroom'),
(2424, 4, 3, 2, 97, 'toilet'),
(2425, 10, 2, 3, 97, 'toilet'),
(2426, 8, 3, 3, 97, 'bathroom'),
(2427, 4, 5, 3, 97, 'bathroom'),
(2428, 4, 6, 3, 97, 'storage'),
(2429, 5, 5, 3, 98, 'living room'),
(2430, 3, 8, 3, 98, 'living room'),
(2431, 5, 3, 3, 98, 'bedroom'),
(2432, 10, 10, 2, 98, 'bedroom'),
(2433, 6, 6, 2, 98, 'bedroom'),
(2434, 4, 5, 3, 98, 'toilet'),
(2435, 10, 6, 2, 98, 'toilet'),
(2436, 8, 3, 2, 98, 'bathroom'),
(2437, 7, 5, 3, 98, 'bathroom'),
(2438, 9, 8, 3, 98, 'storage'),
(2439, 4, 6, 2, 98, 'storage'),
(2440, 6, 7, 3, 99, 'living room'),
(2441, 9, 5, 3, 99, 'bedroom'),
(2442, 2, 4, 2, 99, 'bedroom'),
(2443, 2, 10, 3, 99, 'bedroom'),
(2444, 5, 2, 2, 99, 'bedroom'),
(2445, 3, 8, 3, 99, 'toilet'),
(2446, 5, 8, 3, 99, 'bathroom'),
(2447, 6, 8, 3, 99, 'storage'),
(2448, 9, 2, 2, 100, 'living room'),
(2449, 2, 5, 3, 100, 'bedroom'),
(2450, 8, 10, 3, 100, 'bedroom'),
(2451, 9, 2, 2, 100, 'bedroom'),
(2452, 2, 9, 3, 100, 'bedroom'),
(2453, 2, 7, 2, 100, 'bedroom'),
(2454, 2, 6, 2, 100, 'toilet'),
(2455, 5, 5, 2, 100, 'toilet'),
(2456, 5, 2, 2, 100, 'bathroom'),
(2457, 5, 6, 3, 100, 'storage'),
(2458, 8, 2, 3, 100, 'storage'),
(2459, 6, 3, 3, 101, 'living room'),
(2460, 3, 8, 2, 101, 'bedroom'),
(2461, 3, 10, 3, 101, 'bedroom'),
(2462, 4, 8, 2, 101, 'bedroom'),
(2463, 7, 10, 3, 101, 'bedroom'),
(2464, 9, 9, 3, 101, 'toilet'),
(2465, 9, 4, 3, 101, 'toilet'),
(2466, 10, 6, 3, 101, 'bathroom'),
(2467, 9, 7, 2, 101, 'storage'),
(2468, 6, 5, 3, 102, 'living room'),
(2469, 2, 5, 2, 102, 'bedroom'),
(2470, 4, 2, 3, 102, 'bedroom'),
(2471, 7, 7, 3, 102, 'bedroom'),
(2472, 4, 3, 2, 102, 'bedroom'),
(2473, 4, 5, 3, 102, 'bedroom'),
(2474, 8, 4, 2, 102, 'toilet'),
(2475, 3, 8, 2, 102, 'toilet'),
(2476, 2, 8, 3, 102, 'bathroom'),
(2477, 10, 5, 3, 102, 'bathroom'),
(2478, 8, 8, 2, 102, 'storage'),
(2479, 7, 10, 3, 103, 'living room'),
(2480, 8, 2, 2, 103, 'bedroom'),
(2481, 2, 8, 3, 103, 'bedroom'),
(2482, 8, 5, 2, 103, 'bedroom'),
(2483, 10, 4, 2, 103, 'bedroom'),
(2484, 10, 7, 3, 103, 'toilet'),
(2485, 2, 2, 2, 103, 'toilet'),
(2486, 3, 5, 2, 103, 'bathroom'),
(2487, 8, 6, 3, 103, 'bathroom'),
(2488, 10, 2, 3, 103, 'bathroom'),
(2489, 2, 4, 2, 103, 'storage'),
(2490, 10, 3, 3, 103, 'storage'),
(2491, 5, 9, 3, 104, 'living room'),
(2492, 7, 8, 3, 104, 'living room'),
(2493, 7, 6, 2, 104, 'bedroom'),
(2494, 8, 3, 3, 104, 'bedroom'),
(2495, 9, 8, 2, 104, 'bedroom'),
(2496, 8, 7, 3, 104, 'bedroom'),
(2497, 2, 10, 3, 104, 'bedroom'),
(2498, 5, 7, 2, 104, 'toilet'),
(2499, 10, 2, 2, 104, 'toilet'),
(2500, 10, 2, 3, 104, 'toilet'),
(2501, 10, 9, 2, 104, 'bathroom'),
(2502, 2, 2, 2, 104, 'bathroom'),
(2503, 6, 9, 2, 104, 'storage'),
(2504, 6, 10, 3, 104, 'storage'),
(2505, 4, 6, 2, 105, 'living room'),
(2506, 7, 4, 3, 105, 'living room'),
(2507, 10, 5, 3, 105, 'bedroom'),
(2508, 4, 3, 3, 105, 'bedroom'),
(2509, 9, 4, 3, 105, 'bedroom'),
(2510, 4, 10, 2, 105, 'toilet'),
(2511, 9, 4, 2, 105, 'toilet'),
(2512, 10, 10, 2, 105, 'bathroom'),
(2513, 4, 5, 3, 105, 'storage'),
(2514, 4, 2, 3, 106, 'living room'),
(2515, 9, 7, 2, 106, 'bedroom'),
(2516, 2, 8, 3, 106, 'bedroom'),
(2517, 9, 5, 2, 106, 'toilet'),
(2518, 5, 3, 3, 106, 'toilet'),
(2519, 9, 7, 2, 106, 'toilet'),
(2520, 8, 2, 3, 106, 'bathroom'),
(2521, 7, 6, 2, 106, 'storage'),
(2522, 7, 5, 3, 107, 'living room'),
(2523, 2, 10, 2, 107, 'living room'),
(2524, 5, 8, 2, 107, 'bedroom'),
(2525, 3, 2, 2, 107, 'bedroom'),
(2526, 7, 10, 3, 107, 'toilet'),
(2527, 6, 9, 2, 107, 'bathroom'),
(2528, 10, 3, 2, 107, 'bathroom'),
(2529, 4, 2, 3, 107, 'bathroom'),
(2530, 5, 6, 2, 107, 'storage'),
(2531, 10, 7, 2, 107, 'storage'),
(2532, 3, 9, 3, 108, 'living room'),
(2533, 5, 5, 3, 108, 'bedroom'),
(2534, 2, 9, 3, 108, 'toilet'),
(2535, 10, 3, 2, 108, 'toilet'),
(2536, 6, 5, 3, 108, 'toilet'),
(2537, 3, 6, 2, 108, 'bathroom'),
(2538, 10, 4, 3, 108, 'storage'),
(2539, 6, 10, 2, 108, 'storage'),
(2540, 9, 9, 3, 109, 'living room'),
(2541, 10, 3, 3, 109, 'bedroom'),
(2542, 5, 5, 3, 109, 'bedroom'),
(2543, 10, 7, 3, 109, 'bedroom'),
(2544, 8, 10, 3, 109, 'bedroom'),
(2545, 3, 5, 3, 109, 'bedroom'),
(2546, 5, 2, 3, 109, 'toilet'),
(2547, 8, 2, 2, 109, 'toilet'),
(2548, 6, 4, 3, 109, 'toilet'),
(2549, 6, 4, 2, 109, 'bathroom'),
(2550, 7, 2, 2, 109, 'bathroom'),
(2551, 10, 2, 3, 109, 'storage'),
(2552, 5, 8, 3, 109, 'storage'),
(2553, 2, 5, 2, 110, 'living room'),
(2554, 8, 10, 2, 110, 'living room'),
(2555, 7, 2, 3, 110, 'bedroom'),
(2556, 10, 10, 2, 110, 'bedroom'),
(2557, 5, 8, 3, 110, 'bedroom'),
(2558, 7, 10, 2, 110, 'toilet'),
(2559, 6, 7, 2, 110, 'toilet'),
(2560, 4, 7, 3, 110, 'bathroom'),
(2561, 3, 10, 3, 110, 'bathroom'),
(2562, 10, 8, 2, 110, 'storage'),
(2563, 6, 3, 3, 110, 'storage'),
(2564, 9, 5, 3, 111, 'living room'),
(2565, 8, 2, 2, 111, 'bedroom'),
(2566, 5, 10, 2, 111, 'bedroom'),
(2567, 6, 2, 3, 111, 'bedroom'),
(2568, 6, 4, 3, 111, 'bedroom'),
(2569, 8, 7, 3, 111, 'bedroom'),
(2570, 9, 5, 2, 111, 'toilet'),
(2571, 7, 8, 2, 111, 'toilet'),
(2572, 6, 8, 3, 111, 'toilet'),
(2573, 6, 6, 2, 111, 'bathroom'),
(2574, 9, 7, 3, 111, 'bathroom'),
(2575, 4, 5, 3, 111, 'storage'),
(2576, 8, 2, 2, 112, 'living room'),
(2577, 5, 3, 2, 112, 'bedroom'),
(2578, 10, 2, 3, 112, 'bedroom'),
(2579, 6, 10, 3, 112, 'toilet'),
(2580, 3, 9, 2, 112, 'toilet'),
(2581, 3, 4, 2, 112, 'toilet'),
(2582, 2, 3, 2, 112, 'bathroom'),
(2583, 4, 3, 2, 112, 'bathroom'),
(2584, 3, 4, 3, 112, 'storage'),
(2585, 9, 2, 2, 113, 'living room'),
(2586, 2, 3, 3, 113, 'living room'),
(2587, 2, 8, 2, 113, 'bedroom'),
(2588, 10, 7, 3, 113, 'toilet'),
(2589, 7, 8, 3, 113, 'toilet'),
(2590, 2, 6, 2, 113, 'bathroom'),
(2591, 9, 9, 2, 113, 'bathroom'),
(2592, 2, 5, 2, 113, 'bathroom'),
(2593, 3, 3, 3, 113, 'storage'),
(2594, 8, 3, 3, 113, 'storage'),
(2595, 10, 2, 3, 114, 'living room'),
(2596, 7, 3, 2, 114, 'bedroom'),
(2597, 6, 4, 2, 114, 'bedroom'),
(2598, 4, 5, 2, 114, 'toilet'),
(2599, 3, 6, 3, 114, 'bathroom'),
(2600, 7, 10, 3, 114, 'storage'),
(2601, 8, 6, 3, 114, 'storage'),
(2602, 9, 10, 2, 115, 'living room'),
(2603, 4, 8, 3, 115, 'living room'),
(2604, 6, 4, 2, 115, 'bedroom'),
(2605, 6, 10, 3, 115, 'bedroom'),
(2606, 5, 3, 3, 115, 'bedroom'),
(2607, 3, 4, 2, 115, 'bedroom'),
(2608, 5, 10, 2, 115, 'toilet'),
(2609, 5, 5, 2, 115, 'bathroom'),
(2610, 8, 8, 3, 115, 'bathroom'),
(2611, 7, 5, 2, 115, 'bathroom'),
(2612, 6, 4, 3, 115, 'storage'),
(2613, 4, 6, 2, 115, 'storage'),
(2614, 10, 3, 3, 116, 'living room'),
(2615, 3, 5, 2, 116, 'living room'),
(2616, 5, 10, 3, 116, 'bedroom'),
(2617, 9, 8, 3, 116, 'bedroom'),
(2618, 5, 8, 2, 116, 'bedroom'),
(2619, 10, 7, 2, 116, 'bedroom'),
(2620, 2, 10, 3, 116, 'toilet'),
(2621, 4, 7, 2, 116, 'bathroom'),
(2622, 5, 3, 2, 116, 'bathroom'),
(2623, 4, 10, 3, 116, 'bathroom'),
(2624, 8, 2, 3, 116, 'storage'),
(2625, 9, 4, 3, 116, 'storage'),
(2626, 5, 8, 3, 117, 'living room'),
(2627, 8, 7, 2, 117, 'bedroom'),
(2628, 5, 8, 3, 117, 'bedroom'),
(2629, 8, 5, 3, 117, 'toilet'),
(2630, 8, 10, 2, 117, 'bathroom'),
(2631, 6, 3, 2, 117, 'bathroom'),
(2632, 4, 3, 2, 117, 'bathroom'),
(2633, 5, 6, 2, 117, 'storage'),
(2634, 7, 4, 2, 117, 'storage'),
(2635, 3, 5, 3, 118, 'living room'),
(2636, 10, 9, 2, 118, 'living room'),
(2637, 4, 10, 2, 118, 'bedroom'),
(2638, 9, 3, 3, 118, 'bedroom'),
(2639, 6, 7, 2, 118, 'bedroom'),
(2640, 4, 8, 2, 118, 'bedroom'),
(2641, 5, 8, 2, 118, 'bedroom'),
(2642, 8, 4, 3, 118, 'toilet'),
(2643, 10, 3, 2, 118, 'toilet'),
(2644, 6, 5, 3, 118, 'toilet'),
(2645, 10, 9, 3, 118, 'bathroom'),
(2646, 5, 6, 3, 118, 'storage'),
(2647, 3, 8, 3, 119, 'living room'),
(2648, 3, 10, 3, 119, 'living room'),
(2649, 10, 3, 2, 119, 'bedroom'),
(2650, 2, 3, 3, 119, 'bedroom'),
(2651, 3, 5, 2, 119, 'toilet'),
(2652, 6, 6, 2, 119, 'bathroom'),
(2653, 8, 9, 2, 119, 'bathroom'),
(2654, 4, 4, 2, 119, 'bathroom'),
(2655, 5, 10, 2, 119, 'storage'),
(2656, 6, 7, 3, 119, 'storage'),
(2657, 10, 2, 3, 120, 'living room'),
(2658, 8, 7, 2, 120, 'living room'),
(2659, 3, 3, 3, 120, 'bedroom'),
(2660, 10, 2, 3, 120, 'bedroom'),
(2661, 9, 2, 3, 120, 'bedroom'),
(2662, 10, 6, 3, 120, 'bedroom'),
(2663, 7, 2, 3, 120, 'toilet'),
(2664, 3, 7, 3, 120, 'toilet'),
(2665, 5, 4, 3, 120, 'toilet'),
(2666, 4, 5, 3, 120, 'bathroom'),
(2667, 3, 8, 3, 120, 'bathroom'),
(2668, 4, 3, 2, 120, 'bathroom'),
(2669, 7, 8, 2, 120, 'storage'),
(2670, 9, 8, 3, 120, 'storage'),
(2671, 8, 9, 3, 121, 'living room'),
(2672, 4, 8, 2, 121, 'bedroom'),
(2673, 7, 5, 2, 121, 'bedroom'),
(2674, 3, 9, 2, 121, 'bedroom'),
(2675, 10, 8, 2, 121, 'toilet'),
(2676, 8, 7, 3, 121, 'toilet'),
(2677, 6, 10, 3, 121, 'toilet'),
(2678, 7, 7, 3, 121, 'bathroom'),
(2679, 3, 8, 3, 121, 'storage'),
(2680, 2, 5, 3, 122, 'living room'),
(2681, 9, 9, 2, 122, 'living room'),
(2682, 8, 5, 2, 122, 'bedroom'),
(2683, 4, 2, 3, 122, 'bedroom'),
(2684, 6, 9, 2, 122, 'bedroom'),
(2685, 10, 6, 2, 122, 'bedroom'),
(2686, 9, 7, 2, 122, 'toilet'),
(2687, 7, 10, 2, 122, 'toilet'),
(2688, 9, 4, 2, 122, 'toilet'),
(2689, 3, 5, 2, 122, 'bathroom'),
(2690, 4, 8, 2, 122, 'storage'),
(2691, 10, 7, 3, 122, 'storage'),
(2692, 9, 6, 2, 123, 'living room'),
(2693, 5, 9, 2, 123, 'living room'),
(2694, 8, 9, 2, 123, 'bedroom'),
(2695, 9, 8, 2, 123, 'bedroom'),
(2696, 7, 6, 3, 123, 'bedroom'),
(2697, 5, 9, 2, 123, 'toilet'),
(2698, 2, 9, 2, 123, 'bathroom'),
(2699, 10, 10, 3, 123, 'bathroom'),
(2700, 5, 5, 2, 123, 'bathroom'),
(2701, 5, 10, 2, 123, 'storage'),
(2702, 6, 4, 3, 123, 'storage'),
(2703, 10, 6, 2, 124, 'living room'),
(2704, 6, 8, 2, 124, 'bedroom'),
(2705, 7, 8, 2, 124, 'bedroom'),
(2706, 8, 4, 3, 124, 'bedroom'),
(2707, 5, 2, 3, 124, 'bedroom'),
(2708, 8, 6, 2, 124, 'toilet'),
(2709, 3, 4, 3, 124, 'bathroom'),
(2710, 8, 9, 2, 124, 'bathroom'),
(2711, 3, 7, 2, 124, 'storage'),
(2712, 8, 6, 3, 125, 'living room'),
(2713, 9, 9, 3, 125, 'living room'),
(2714, 6, 2, 3, 125, 'bedroom'),
(2715, 6, 4, 3, 125, 'bedroom'),
(2716, 3, 7, 2, 125, 'bedroom'),
(2717, 2, 3, 2, 125, 'toilet'),
(2718, 9, 5, 2, 125, 'bathroom'),
(2719, 6, 8, 3, 125, 'bathroom'),
(2720, 6, 7, 3, 125, 'storage'),
(2721, 8, 6, 3, 125, 'storage'),
(2722, 3, 8, 2, 126, 'living room'),
(2723, 6, 2, 3, 126, 'living room'),
(2724, 5, 8, 3, 126, 'bedroom'),
(2725, 9, 3, 2, 126, 'toilet'),
(2726, 7, 5, 2, 126, 'toilet'),
(2727, 8, 10, 2, 126, 'toilet'),
(2728, 7, 2, 3, 126, 'bathroom'),
(2729, 5, 2, 2, 126, 'bathroom'),
(2730, 4, 5, 2, 126, 'bathroom'),
(2731, 9, 7, 2, 126, 'storage'),
(2732, 2, 2, 2, 127, 'living room'),
(2733, 8, 6, 2, 127, 'bedroom'),
(2734, 10, 6, 3, 127, 'bedroom'),
(2735, 2, 4, 3, 127, 'bedroom'),
(2736, 2, 3, 2, 127, 'bedroom'),
(2737, 5, 4, 2, 127, 'bedroom'),
(2738, 4, 3, 3, 127, 'toilet'),
(2739, 7, 3, 3, 127, 'toilet'),
(2740, 4, 3, 3, 127, 'toilet'),
(2741, 2, 8, 3, 127, 'bathroom'),
(2742, 7, 6, 2, 127, 'storage'),
(2743, 9, 10, 2, 127, 'storage'),
(2744, 6, 5, 3, 128, 'living room'),
(2745, 2, 6, 3, 128, 'living room'),
(2746, 9, 2, 2, 128, 'bedroom'),
(2747, 2, 3, 3, 128, 'bedroom'),
(2748, 2, 10, 3, 128, 'bedroom'),
(2749, 6, 7, 2, 128, 'toilet'),
(2750, 10, 6, 2, 128, 'bathroom'),
(2751, 7, 5, 2, 128, 'bathroom'),
(2752, 5, 3, 2, 128, 'storage'),
(2753, 3, 5, 2, 128, 'storage'),
(2754, 2, 6, 2, 129, 'living room'),
(2755, 8, 6, 2, 129, 'bedroom'),
(2756, 3, 7, 3, 129, 'bedroom'),
(2757, 6, 10, 3, 129, 'bedroom'),
(2758, 5, 5, 2, 129, 'bedroom'),
(2759, 6, 5, 2, 129, 'toilet'),
(2760, 2, 9, 2, 129, 'toilet'),
(2761, 7, 3, 3, 129, 'toilet'),
(2762, 2, 3, 2, 129, 'bathroom'),
(2763, 4, 10, 2, 129, 'bathroom'),
(2764, 7, 2, 2, 129, 'bathroom'),
(2765, 3, 2, 3, 129, 'storage'),
(2766, 6, 2, 2, 130, 'living room'),
(2767, 10, 3, 3, 130, 'living room'),
(2768, 6, 10, 3, 130, 'bedroom'),
(2769, 4, 5, 3, 130, 'bedroom'),
(2770, 8, 10, 2, 130, 'bedroom'),
(2771, 9, 2, 2, 130, 'bedroom'),
(2772, 2, 10, 3, 130, 'bedroom'),
(2773, 3, 6, 2, 130, 'toilet'),
(2774, 8, 2, 2, 130, 'toilet'),
(2775, 7, 10, 2, 130, 'bathroom'),
(2776, 9, 9, 3, 130, 'bathroom'),
(2777, 10, 4, 3, 130, 'storage'),
(2778, 2, 8, 2, 131, 'living room'),
(2779, 4, 6, 3, 131, 'bedroom'),
(2780, 5, 10, 2, 131, 'bedroom'),
(2781, 3, 3, 3, 131, 'bedroom'),
(2782, 3, 4, 3, 131, 'bedroom'),
(2783, 7, 5, 3, 131, 'toilet'),
(2784, 6, 7, 2, 131, 'toilet'),
(2785, 7, 4, 3, 131, 'bathroom'),
(2786, 9, 10, 2, 131, 'bathroom'),
(2787, 7, 7, 2, 131, 'bathroom'),
(2788, 4, 2, 2, 131, 'storage'),
(2789, 7, 10, 2, 132, 'living room'),
(2790, 4, 4, 2, 132, 'bedroom'),
(2791, 3, 9, 3, 132, 'toilet'),
(2792, 6, 7, 2, 132, 'toilet'),
(2793, 8, 10, 2, 132, 'bathroom'),
(2794, 6, 10, 2, 132, 'bathroom'),
(2795, 6, 9, 2, 132, 'storage'),
(2796, 8, 6, 3, 133, 'living room'),
(2797, 3, 8, 3, 133, 'bedroom'),
(2798, 3, 5, 2, 133, 'bedroom'),
(2799, 9, 8, 2, 133, 'bedroom'),
(2800, 9, 9, 2, 133, 'bedroom'),
(2801, 10, 8, 3, 133, 'bedroom'),
(2802, 6, 6, 3, 133, 'toilet'),
(2803, 5, 5, 2, 133, 'bathroom'),
(2804, 10, 4, 2, 133, 'bathroom'),
(2805, 2, 4, 3, 133, 'bathroom'),
(2806, 9, 7, 3, 133, 'storage'),
(2807, 6, 3, 3, 134, 'living room'),
(2808, 10, 4, 3, 134, 'bedroom'),
(2809, 8, 3, 3, 134, 'bedroom'),
(2810, 6, 3, 2, 134, 'toilet'),
(2811, 8, 6, 3, 134, 'toilet'),
(2812, 8, 7, 2, 134, 'toilet'),
(2813, 7, 7, 2, 134, 'bathroom'),
(2814, 5, 4, 3, 134, 'storage'),
(2815, 5, 3, 2, 134, 'storage'),
(2816, 6, 8, 3, 135, 'living room'),
(2817, 4, 4, 3, 135, 'living room'),
(2818, 10, 4, 2, 135, 'bedroom'),
(2819, 6, 6, 2, 135, 'bedroom'),
(2820, 9, 7, 3, 135, 'toilet'),
(2821, 7, 6, 3, 135, 'toilet'),
(2822, 2, 10, 3, 135, 'bathroom'),
(2823, 4, 2, 3, 135, 'bathroom'),
(2824, 3, 10, 2, 135, 'storage'),
(2825, 8, 6, 2, 136, 'living room'),
(2826, 4, 9, 3, 136, 'bedroom'),
(2827, 7, 4, 2, 136, 'bedroom'),
(2828, 10, 10, 2, 136, 'bedroom'),
(2829, 4, 4, 2, 136, 'bedroom'),
(2830, 2, 10, 3, 136, 'bedroom'),
(2831, 3, 7, 3, 136, 'toilet'),
(2832, 2, 3, 3, 136, 'bathroom'),
(2833, 6, 9, 3, 136, 'bathroom'),
(2834, 3, 7, 3, 136, 'storage'),
(2835, 8, 7, 3, 137, 'living room'),
(2836, 9, 2, 2, 137, 'living room'),
(2837, 5, 4, 2, 137, 'bedroom'),
(2838, 3, 4, 2, 137, 'bedroom'),
(2839, 10, 4, 3, 137, 'toilet'),
(2840, 4, 7, 2, 137, 'toilet'),
(2841, 10, 5, 3, 137, 'toilet'),
(2842, 10, 4, 3, 137, 'bathroom'),
(2843, 3, 9, 3, 137, 'storage'),
(2844, 8, 9, 2, 138, 'living room'),
(2845, 5, 5, 3, 138, 'bedroom'),
(2846, 6, 2, 2, 138, 'bedroom'),
(2847, 9, 3, 3, 138, 'bedroom'),
(2848, 8, 5, 3, 138, 'bedroom'),
(2849, 7, 8, 3, 138, 'toilet'),
(2850, 7, 9, 2, 138, 'toilet'),
(2851, 5, 7, 3, 138, 'bathroom'),
(2852, 10, 10, 3, 138, 'bathroom'),
(2853, 2, 5, 2, 138, 'storage'),
(2854, 3, 3, 2, 139, 'living room'),
(2855, 2, 6, 3, 139, 'living room'),
(2856, 8, 2, 3, 139, 'bedroom'),
(2857, 5, 9, 2, 139, 'bedroom'),
(2858, 5, 9, 3, 139, 'toilet'),
(2859, 10, 6, 2, 139, 'bathroom'),
(2860, 9, 3, 2, 139, 'bathroom'),
(2861, 4, 7, 2, 139, 'bathroom'),
(2862, 3, 3, 2, 139, 'storage'),
(2863, 7, 10, 2, 140, 'living room'),
(2864, 7, 9, 2, 140, 'living room'),
(2865, 5, 9, 2, 140, 'bedroom'),
(2866, 5, 8, 2, 140, 'bedroom'),
(2867, 8, 10, 2, 140, 'bedroom'),
(2868, 2, 7, 3, 140, 'bedroom'),
(2869, 3, 10, 3, 140, 'bedroom'),
(2870, 8, 2, 3, 140, 'toilet'),
(2871, 2, 9, 2, 140, 'toilet'),
(2872, 5, 3, 3, 140, 'toilet'),
(2873, 5, 10, 3, 140, 'bathroom'),
(2874, 5, 7, 3, 140, 'bathroom'),
(2875, 2, 2, 3, 140, 'bathroom'),
(2876, 10, 3, 2, 140, 'storage'),
(2877, 9, 4, 3, 140, 'storage'),
(2878, 4, 9, 2, 141, 'living room'),
(2879, 3, 6, 2, 141, 'bedroom'),
(2880, 7, 7, 3, 141, 'bedroom'),
(2881, 8, 7, 3, 141, 'bedroom'),
(2882, 7, 7, 2, 141, 'toilet'),
(2883, 5, 10, 2, 141, 'toilet'),
(2884, 5, 6, 2, 141, 'toilet'),
(2885, 4, 4, 3, 141, 'bathroom'),
(2886, 7, 4, 3, 141, 'bathroom'),
(2887, 9, 2, 2, 141, 'bathroom'),
(2888, 3, 4, 2, 141, 'storage'),
(2889, 10, 4, 3, 141, 'storage'),
(2890, 10, 5, 2, 142, 'living room'),
(2891, 6, 4, 3, 142, 'living room'),
(2892, 5, 5, 3, 142, 'bedroom'),
(2893, 2, 6, 3, 142, 'bedroom'),
(2894, 5, 7, 3, 142, 'bedroom'),
(2895, 2, 6, 3, 142, 'bedroom'),
(2896, 2, 9, 2, 142, 'toilet'),
(2897, 10, 10, 2, 142, 'toilet'),
(2898, 5, 9, 3, 142, 'bathroom'),
(2899, 7, 8, 3, 142, 'storage'),
(2900, 7, 9, 3, 143, 'living room'),
(2901, 9, 4, 2, 143, 'living room'),
(2902, 8, 2, 3, 143, 'bedroom'),
(2903, 2, 8, 3, 143, 'bedroom'),
(2904, 9, 6, 2, 143, 'toilet'),
(2905, 5, 6, 3, 143, 'toilet'),
(2906, 3, 10, 2, 143, 'toilet'),
(2907, 6, 7, 3, 143, 'bathroom'),
(2908, 6, 10, 3, 143, 'storage'),
(2909, 7, 3, 3, 144, 'living room'),
(2910, 4, 5, 2, 144, 'bedroom'),
(2911, 8, 10, 2, 144, 'toilet'),
(2912, 7, 5, 3, 144, 'bathroom'),
(2913, 3, 7, 3, 144, 'bathroom'),
(2914, 9, 10, 2, 144, 'storage'),
(2915, 4, 10, 2, 145, 'living room'),
(2916, 4, 5, 3, 145, 'living room'),
(2917, 9, 10, 2, 145, 'bedroom'),
(2918, 6, 9, 2, 145, 'toilet'),
(2919, 3, 5, 3, 145, 'toilet'),
(2920, 9, 5, 3, 145, 'toilet'),
(2921, 8, 10, 3, 145, 'bathroom'),
(2922, 8, 10, 2, 145, 'storage'),
(2923, 5, 10, 3, 146, 'living room'),
(2924, 9, 6, 3, 146, 'living room'),
(2925, 10, 6, 3, 146, 'bedroom'),
(2926, 4, 4, 2, 146, 'bedroom'),
(2927, 2, 9, 3, 146, 'bedroom'),
(2928, 7, 8, 2, 146, 'bedroom'),
(2929, 9, 3, 3, 146, 'bedroom'),
(2930, 9, 2, 2, 146, 'toilet'),
(2931, 6, 7, 3, 146, 'toilet'),
(2932, 9, 10, 3, 146, 'bathroom'),
(2933, 6, 10, 3, 146, 'storage'),
(2934, 5, 8, 3, 147, 'living room'),
(2935, 8, 5, 3, 147, 'living room'),
(2936, 5, 7, 2, 147, 'bedroom'),
(2937, 8, 4, 3, 147, 'bedroom'),
(2938, 5, 8, 2, 147, 'toilet'),
(2939, 6, 9, 3, 147, 'bathroom'),
(2940, 9, 5, 3, 147, 'storage'),
(2941, 5, 10, 2, 147, 'storage'),
(2942, 10, 5, 3, 148, 'living room'),
(2943, 6, 6, 3, 148, 'bedroom'),
(2944, 10, 10, 3, 148, 'bedroom'),
(2945, 6, 10, 3, 148, 'bedroom'),
(2946, 8, 4, 2, 148, 'bedroom'),
(2947, 5, 3, 3, 148, 'toilet'),
(2948, 10, 2, 3, 148, 'toilet'),
(2949, 9, 2, 3, 148, 'toilet'),
(2950, 7, 6, 2, 148, 'bathroom'),
(2951, 4, 10, 3, 148, 'bathroom'),
(2952, 2, 6, 2, 148, 'bathroom'),
(2953, 7, 7, 2, 148, 'storage'),
(2954, 4, 5, 3, 148, 'storage'),
(2955, 2, 7, 2, 149, 'living room'),
(2956, 3, 5, 3, 149, 'living room'),
(2957, 7, 5, 3, 149, 'bedroom'),
(2958, 6, 10, 2, 149, 'bedroom'),
(2959, 4, 7, 2, 149, 'toilet'),
(2960, 5, 5, 2, 149, 'bathroom'),
(2961, 6, 8, 2, 149, 'bathroom'),
(2962, 6, 8, 3, 149, 'storage'),
(2963, 10, 3, 2, 150, 'living room'),
(2964, 5, 2, 2, 150, 'bedroom'),
(2965, 5, 3, 2, 150, 'bedroom'),
(2966, 5, 8, 2, 150, 'toilet'),
(2967, 9, 10, 2, 150, 'toilet'),
(2968, 6, 2, 2, 150, 'toilet'),
(2969, 10, 2, 3, 150, 'bathroom'),
(2970, 7, 2, 3, 150, 'storage'),
(2971, 7, 6, 2, 150, 'storage'),
(2972, 9, 7, 3, 151, 'living room'),
(2973, 6, 10, 2, 151, 'bedroom'),
(2974, 4, 4, 2, 151, 'bedroom'),
(2975, 5, 10, 2, 151, 'bedroom'),
(2976, 8, 4, 3, 151, 'toilet'),
(2977, 2, 8, 2, 151, 'toilet'),
(2978, 5, 6, 3, 151, 'bathroom'),
(2979, 5, 5, 3, 151, 'bathroom'),
(2980, 9, 4, 2, 151, 'bathroom'),
(2981, 7, 8, 3, 151, 'storage'),
(2982, 5, 6, 3, 152, 'living room'),
(2983, 5, 2, 3, 152, 'living room'),
(2984, 8, 10, 2, 152, 'bedroom'),
(2985, 6, 3, 3, 152, 'bedroom'),
(2986, 3, 6, 3, 152, 'bedroom'),
(2987, 9, 7, 2, 152, 'bedroom'),
(2988, 5, 10, 2, 152, 'toilet'),
(2989, 8, 8, 3, 152, 'toilet'),
(2990, 7, 9, 2, 152, 'bathroom'),
(2991, 6, 7, 3, 152, 'bathroom'),
(2992, 3, 7, 3, 152, 'bathroom'),
(2993, 2, 3, 3, 152, 'storage'),
(2994, 3, 7, 2, 153, 'living room'),
(2995, 9, 6, 3, 153, 'bedroom'),
(2996, 6, 2, 3, 153, 'bedroom'),
(2997, 3, 6, 2, 153, 'toilet'),
(2998, 9, 5, 2, 153, 'toilet'),
(2999, 9, 9, 2, 153, 'bathroom'),
(3000, 6, 7, 2, 153, 'storage'),
(3001, 4, 8, 3, 153, 'storage'),
(3002, 7, 7, 3, 154, 'living room'),
(3003, 3, 2, 3, 154, 'bedroom'),
(3004, 9, 6, 2, 154, 'bedroom'),
(3005, 7, 2, 3, 154, 'bedroom'),
(3006, 4, 6, 2, 154, 'toilet'),
(3007, 10, 7, 2, 154, 'toilet'),
(3008, 4, 7, 2, 154, 'toilet'),
(3009, 7, 2, 3, 154, 'bathroom'),
(3010, 8, 7, 2, 154, 'bathroom'),
(3011, 4, 7, 2, 154, 'bathroom'),
(3012, 7, 4, 2, 154, 'storage'),
(3013, 9, 3, 3, 154, 'storage'),
(3014, 6, 2, 3, 155, 'living room'),
(3015, 6, 10, 2, 155, 'bedroom'),
(3016, 2, 9, 2, 155, 'bedroom'),
(3017, 6, 5, 3, 155, 'bedroom'),
(3018, 3, 6, 2, 155, 'bedroom'),
(3019, 9, 7, 2, 155, 'bedroom'),
(3020, 7, 4, 3, 155, 'toilet'),
(3021, 9, 2, 3, 155, 'toilet'),
(3022, 6, 2, 2, 155, 'bathroom'),
(3023, 10, 8, 2, 155, 'storage'),
(3024, 7, 4, 3, 156, 'living room'),
(3025, 8, 10, 2, 156, 'living room'),
(3026, 4, 3, 2, 156, 'bedroom'),
(3027, 10, 2, 2, 156, 'bedroom'),
(3028, 5, 8, 3, 156, 'bedroom'),
(3029, 8, 5, 3, 156, 'toilet'),
(3030, 2, 3, 3, 156, 'toilet'),
(3031, 10, 7, 2, 156, 'toilet'),
(3032, 3, 7, 3, 156, 'bathroom'),
(3033, 9, 3, 2, 156, 'storage'),
(3034, 8, 8, 3, 156, 'storage'),
(3035, 3, 2, 3, 157, 'living room'),
(3036, 4, 8, 3, 157, 'bedroom'),
(3037, 8, 4, 2, 157, 'bedroom'),
(3038, 6, 2, 3, 157, 'bedroom'),
(3039, 7, 9, 3, 157, 'bedroom'),
(3040, 6, 3, 3, 157, 'toilet'),
(3041, 6, 9, 3, 157, 'toilet'),
(3042, 7, 4, 2, 157, 'toilet'),
(3043, 7, 5, 3, 157, 'bathroom'),
(3044, 5, 9, 3, 157, 'bathroom'),
(3045, 10, 5, 3, 157, 'bathroom'),
(3046, 6, 3, 3, 157, 'storage'),
(3047, 5, 2, 2, 158, 'living room'),
(3048, 6, 9, 3, 158, 'bedroom'),
(3049, 2, 7, 3, 158, 'toilet'),
(3050, 7, 7, 2, 158, 'toilet'),
(3051, 10, 6, 2, 158, 'bathroom'),
(3052, 9, 4, 3, 158, 'storage'),
(3053, 6, 8, 2, 158, 'storage'),
(3054, 5, 7, 2, 159, 'living room'),
(3055, 9, 4, 3, 159, 'bedroom'),
(3056, 6, 8, 3, 159, 'bedroom'),
(3057, 4, 6, 3, 159, 'bedroom'),
(3058, 6, 4, 3, 159, 'toilet'),
(3059, 9, 6, 2, 159, 'toilet'),
(3060, 9, 7, 3, 159, 'bathroom'),
(3061, 8, 3, 3, 159, 'storage'),
(3062, 6, 5, 3, 160, 'living room'),
(3063, 8, 5, 2, 160, 'living room'),
(3064, 5, 9, 3, 160, 'bedroom'),
(3065, 5, 5, 2, 160, 'toilet'),
(3066, 7, 7, 2, 160, 'bathroom'),
(3067, 7, 10, 2, 160, 'storage'),
(3068, 7, 7, 3, 160, 'storage'),
(3069, 7, 7, 2, 161, 'living room'),
(3070, 5, 8, 2, 161, 'living room'),
(3071, 6, 4, 3, 161, 'bedroom'),
(3072, 5, 10, 2, 161, 'toilet'),
(3073, 6, 8, 2, 161, 'bathroom'),
(3074, 6, 7, 2, 161, 'bathroom'),
(3075, 7, 4, 2, 161, 'storage'),
(3076, 6, 8, 2, 161, 'storage'),
(3077, 6, 8, 2, 162, 'living room'),
(3078, 2, 9, 2, 162, 'living room'),
(3079, 10, 5, 3, 162, 'bedroom'),
(3080, 4, 3, 2, 162, 'toilet'),
(3081, 8, 9, 2, 162, 'toilet'),
(3082, 10, 6, 3, 162, 'bathroom'),
(3083, 9, 10, 2, 162, 'bathroom'),
(3084, 3, 2, 2, 162, 'bathroom'),
(3085, 5, 2, 3, 162, 'storage'),
(3086, 8, 8, 2, 162, 'storage'),
(3087, 6, 4, 2, 163, 'living room'),
(3088, 3, 8, 2, 163, 'bedroom'),
(3089, 2, 9, 3, 163, 'bedroom'),
(3090, 4, 8, 2, 163, 'bedroom'),
(3091, 3, 6, 2, 163, 'bedroom'),
(3092, 8, 5, 3, 163, 'bedroom'),
(3093, 10, 4, 3, 163, 'toilet'),
(3094, 3, 4, 3, 163, 'bathroom'),
(3095, 7, 5, 2, 163, 'storage'),
(3096, 4, 5, 3, 163, 'storage'),
(3097, 7, 7, 3, 164, 'living room'),
(3098, 7, 5, 3, 164, 'living room'),
(3099, 9, 5, 2, 164, 'bedroom'),
(3100, 2, 5, 3, 164, 'bedroom'),
(3101, 7, 3, 2, 164, 'bedroom'),
(3102, 7, 6, 2, 164, 'bedroom'),
(3103, 10, 6, 3, 164, 'bedroom'),
(3104, 8, 7, 3, 164, 'toilet'),
(3105, 7, 10, 3, 164, 'toilet'),
(3106, 10, 5, 2, 164, 'toilet'),
(3107, 7, 7, 3, 164, 'bathroom'),
(3108, 5, 10, 2, 164, 'bathroom'),
(3109, 3, 4, 3, 164, 'bathroom'),
(3110, 7, 8, 3, 164, 'storage'),
(3111, 9, 7, 2, 165, 'living room'),
(3112, 8, 7, 2, 165, 'bedroom'),
(3113, 7, 2, 2, 165, 'bedroom'),
(3114, 10, 4, 3, 165, 'bedroom'),
(3115, 10, 4, 3, 165, 'toilet'),
(3116, 5, 2, 3, 165, 'bathroom'),
(3117, 6, 9, 2, 165, 'bathroom'),
(3118, 7, 5, 3, 165, 'bathroom'),
(3119, 10, 9, 2, 165, 'storage'),
(3120, 3, 2, 2, 165, 'storage'),
(3121, 10, 6, 3, 166, 'living room'),
(3122, 10, 10, 3, 166, 'bedroom'),
(3123, 10, 5, 2, 166, 'bedroom'),
(3124, 8, 2, 3, 166, 'toilet'),
(3125, 8, 6, 2, 166, 'toilet'),
(3126, 6, 7, 2, 166, 'toilet'),
(3127, 10, 2, 2, 166, 'bathroom'),
(3128, 8, 9, 3, 166, 'bathroom'),
(3129, 2, 6, 3, 166, 'bathroom'),
(3130, 4, 3, 3, 166, 'storage'),
(3131, 8, 6, 3, 166, 'storage'),
(3132, 6, 2, 3, 167, 'living room'),
(3133, 7, 2, 2, 167, 'living room'),
(3134, 5, 7, 3, 167, 'bedroom'),
(3135, 5, 4, 2, 167, 'bedroom'),
(3136, 9, 6, 3, 167, 'toilet'),
(3137, 5, 9, 2, 167, 'toilet'),
(3138, 3, 2, 3, 167, 'toilet'),
(3139, 10, 8, 2, 167, 'bathroom'),
(3140, 10, 8, 3, 167, 'storage'),
(3141, 4, 8, 3, 168, 'living room'),
(3142, 10, 3, 2, 168, 'living room'),
(3143, 8, 6, 2, 168, 'bedroom'),
(3144, 4, 6, 2, 168, 'bedroom'),
(3145, 6, 9, 3, 168, 'bedroom'),
(3146, 6, 10, 3, 168, 'bedroom'),
(3147, 2, 6, 3, 168, 'bedroom'),
(3148, 2, 9, 2, 168, 'toilet'),
(3149, 8, 2, 2, 168, 'bathroom'),
(3150, 10, 5, 2, 168, 'storage'),
(3151, 10, 5, 2, 168, 'storage');

-- --------------------------------------------------------

--
-- Struttura della tabella `users`
--

CREATE TABLE `users` (
  `username` varchar(128) NOT NULL,
  `password` varchar(128) NOT NULL,
  `admin` bit(1) NOT NULL
) ENGINE=InnoDB DEFAULT CHARSET=utf8mb4;

--
-- Dump dei dati per la tabella `users`
--

INSERT INTO `users` (`username`, `password`, `admin`) VALUES
('admin', '$2y$10$Vardw4w0XYeVMDvZIpDxAubyQuP5.PF4XZWa6yXC8cJr7QHEtOMxq', b'1'),
('seba', '$2y$10$Vardw4w0XYeVMDvZIpDxAubyQuP5.PF4XZWa6yXC8cJr7QHEtOMxq', b'0'),
('user0', '$2y$10$Vardw4w0XYeVMDvZIpDxAubyQuP5.PF4XZWa6yXC8cJr7QHEtOMxq', b'0'),
('user1', '$2y$10$Vardw4w0XYeVMDvZIpDxAubyQuP5.PF4XZWa6yXC8cJr7QHEtOMxq', b'0'),
('user10', '$2y$10$Vardw4w0XYeVMDvZIpDxAubyQuP5.PF4XZWa6yXC8cJr7QHEtOMxq', b'0'),
('user11', '$2y$10$Vardw4w0XYeVMDvZIpDxAubyQuP5.PF4XZWa6yXC8cJr7QHEtOMxq', b'0'),
('user12', '$2y$10$Vardw4w0XYeVMDvZIpDxAubyQuP5.PF4XZWa6yXC8cJr7QHEtOMxq', b'0'),
('user13', '$2y$10$Vardw4w0XYeVMDvZIpDxAubyQuP5.PF4XZWa6yXC8cJr7QHEtOMxq', b'0'),
('user14', '$2y$10$Vardw4w0XYeVMDvZIpDxAubyQuP5.PF4XZWa6yXC8cJr7QHEtOMxq', b'0'),
('user15', '$2y$10$Vardw4w0XYeVMDvZIpDxAubyQuP5.PF4XZWa6yXC8cJr7QHEtOMxq', b'0'),
('user16', '$2y$10$Vardw4w0XYeVMDvZIpDxAubyQuP5.PF4XZWa6yXC8cJr7QHEtOMxq', b'0'),
('user17', '$2y$10$Vardw4w0XYeVMDvZIpDxAubyQuP5.PF4XZWa6yXC8cJr7QHEtOMxq', b'0'),
('user18', '$2y$10$Vardw4w0XYeVMDvZIpDxAubyQuP5.PF4XZWa6yXC8cJr7QHEtOMxq', b'0'),
('user19', '$2y$10$Vardw4w0XYeVMDvZIpDxAubyQuP5.PF4XZWa6yXC8cJr7QHEtOMxq', b'0'),
('user2', '$2y$10$Vardw4w0XYeVMDvZIpDxAubyQuP5.PF4XZWa6yXC8cJr7QHEtOMxq', b'0'),
('user20', '$2y$10$Vardw4w0XYeVMDvZIpDxAubyQuP5.PF4XZWa6yXC8cJr7QHEtOMxq', b'0'),
('user21', '$2y$10$Vardw4w0XYeVMDvZIpDxAubyQuP5.PF4XZWa6yXC8cJr7QHEtOMxq', b'0'),
('user22', '$2y$10$Vardw4w0XYeVMDvZIpDxAubyQuP5.PF4XZWa6yXC8cJr7QHEtOMxq', b'0'),
('user23', '$2y$10$Vardw4w0XYeVMDvZIpDxAubyQuP5.PF4XZWa6yXC8cJr7QHEtOMxq', b'0'),
('user24', '$2y$10$Vardw4w0XYeVMDvZIpDxAubyQuP5.PF4XZWa6yXC8cJr7QHEtOMxq', b'0'),
('user25', '$2y$10$Vardw4w0XYeVMDvZIpDxAubyQuP5.PF4XZWa6yXC8cJr7QHEtOMxq', b'0'),
('user26', '$2y$10$Vardw4w0XYeVMDvZIpDxAubyQuP5.PF4XZWa6yXC8cJr7QHEtOMxq', b'0'),
('user27', '$2y$10$Vardw4w0XYeVMDvZIpDxAubyQuP5.PF4XZWa6yXC8cJr7QHEtOMxq', b'0'),
('user28', '$2y$10$Vardw4w0XYeVMDvZIpDxAubyQuP5.PF4XZWa6yXC8cJr7QHEtOMxq', b'0'),
('user29', '$2y$10$Vardw4w0XYeVMDvZIpDxAubyQuP5.PF4XZWa6yXC8cJr7QHEtOMxq', b'0'),
('user3', '$2y$10$Vardw4w0XYeVMDvZIpDxAubyQuP5.PF4XZWa6yXC8cJr7QHEtOMxq', b'0'),
('user30', '$2y$10$Vardw4w0XYeVMDvZIpDxAubyQuP5.PF4XZWa6yXC8cJr7QHEtOMxq', b'0'),
('user31', '$2y$10$Vardw4w0XYeVMDvZIpDxAubyQuP5.PF4XZWa6yXC8cJr7QHEtOMxq', b'0'),
('user32', '$2y$10$Vardw4w0XYeVMDvZIpDxAubyQuP5.PF4XZWa6yXC8cJr7QHEtOMxq', b'0'),
('user33', '$2y$10$Vardw4w0XYeVMDvZIpDxAubyQuP5.PF4XZWa6yXC8cJr7QHEtOMxq', b'0'),
('user34', '$2y$10$Vardw4w0XYeVMDvZIpDxAubyQuP5.PF4XZWa6yXC8cJr7QHEtOMxq', b'0'),
('user35', '$2y$10$Vardw4w0XYeVMDvZIpDxAubyQuP5.PF4XZWa6yXC8cJr7QHEtOMxq', b'0'),
('user36', '$2y$10$Vardw4w0XYeVMDvZIpDxAubyQuP5.PF4XZWa6yXC8cJr7QHEtOMxq', b'0'),
('user37', '$2y$10$Vardw4w0XYeVMDvZIpDxAubyQuP5.PF4XZWa6yXC8cJr7QHEtOMxq', b'0'),
('user38', '$2y$10$Vardw4w0XYeVMDvZIpDxAubyQuP5.PF4XZWa6yXC8cJr7QHEtOMxq', b'0'),
('user39', '$2y$10$Vardw4w0XYeVMDvZIpDxAubyQuP5.PF4XZWa6yXC8cJr7QHEtOMxq', b'0'),
('user4', '$2y$10$Vardw4w0XYeVMDvZIpDxAubyQuP5.PF4XZWa6yXC8cJr7QHEtOMxq', b'0'),
('user40', '$2y$10$Vardw4w0XYeVMDvZIpDxAubyQuP5.PF4XZWa6yXC8cJr7QHEtOMxq', b'0'),
('user41', '$2y$10$Vardw4w0XYeVMDvZIpDxAubyQuP5.PF4XZWa6yXC8cJr7QHEtOMxq', b'0'),
('user42', '$2y$10$Vardw4w0XYeVMDvZIpDxAubyQuP5.PF4XZWa6yXC8cJr7QHEtOMxq', b'0'),
('user43', '$2y$10$Vardw4w0XYeVMDvZIpDxAubyQuP5.PF4XZWa6yXC8cJr7QHEtOMxq', b'0'),
('user44', '$2y$10$Vardw4w0XYeVMDvZIpDxAubyQuP5.PF4XZWa6yXC8cJr7QHEtOMxq', b'0'),
('user45', '$2y$10$Vardw4w0XYeVMDvZIpDxAubyQuP5.PF4XZWa6yXC8cJr7QHEtOMxq', b'0'),
('user46', '$2y$10$Vardw4w0XYeVMDvZIpDxAubyQuP5.PF4XZWa6yXC8cJr7QHEtOMxq', b'0'),
('user47', '$2y$10$Vardw4w0XYeVMDvZIpDxAubyQuP5.PF4XZWa6yXC8cJr7QHEtOMxq', b'0'),
('user48', '$2y$10$Vardw4w0XYeVMDvZIpDxAubyQuP5.PF4XZWa6yXC8cJr7QHEtOMxq', b'0'),
('user5', '$2y$10$Vardw4w0XYeVMDvZIpDxAubyQuP5.PF4XZWa6yXC8cJr7QHEtOMxq', b'0'),
('user6', '$2y$10$Vardw4w0XYeVMDvZIpDxAubyQuP5.PF4XZWa6yXC8cJr7QHEtOMxq', b'0'),
('user7', '$2y$10$Vardw4w0XYeVMDvZIpDxAubyQuP5.PF4XZWa6yXC8cJr7QHEtOMxq', b'0'),
('user8', '$2y$10$Vardw4w0XYeVMDvZIpDxAubyQuP5.PF4XZWa6yXC8cJr7QHEtOMxq', b'0'),
('user9', '$2y$10$Vardw4w0XYeVMDvZIpDxAubyQuP5.PF4XZWa6yXC8cJr7QHEtOMxq', b'0');

--
-- Indici per le tabelle scaricate
--

--
-- Indici per le tabelle `houses`
--
ALTER TABLE `houses`
  ADD PRIMARY KEY (`id`),
  ADD KEY `user` (`user`);

--
-- Indici per le tabelle `rooms`
--
ALTER TABLE `rooms`
  ADD PRIMARY KEY (`id`),
  ADD KEY `id_house` (`id_house`);

--
-- Indici per le tabelle `users`
--
ALTER TABLE `users`
  ADD PRIMARY KEY (`username`);

--
-- AUTO_INCREMENT per le tabelle scaricate
--

--
-- AUTO_INCREMENT per la tabella `houses`
--
ALTER TABLE `houses`
  MODIFY `id` int(64) NOT NULL AUTO_INCREMENT, AUTO_INCREMENT=172;

--
-- AUTO_INCREMENT per la tabella `rooms`
--
ALTER TABLE `rooms`
  MODIFY `id` int(64) NOT NULL AUTO_INCREMENT, AUTO_INCREMENT=3152;

--
-- Limiti per le tabelle scaricate
--

--
-- Limiti per la tabella `houses`
--
ALTER TABLE `houses`
  ADD CONSTRAINT `houses_ibfk_1` FOREIGN KEY (`user`) REFERENCES `users` (`username`);

--
-- Limiti per la tabella `rooms`
--
ALTER TABLE `rooms`
  ADD CONSTRAINT `rooms_ibfk_1` FOREIGN KEY (`id_house`) REFERENCES `houses` (`id`) ON DELETE CASCADE,
  ADD CONSTRAINT `rooms_ibfk_2` FOREIGN KEY (`id_house`) REFERENCES `houses` (`id`) ON DELETE CASCADE;
COMMIT;

/*!40101 SET CHARACTER_SET_CLIENT=@OLD_CHARACTER_SET_CLIENT */;
/*!40101 SET CHARACTER_SET_RESULTS=@OLD_CHARACTER_SET_RESULTS */;
/*!40101 SET COLLATION_CONNECTION=@OLD_COLLATION_CONNECTION */;
